text,intent
hey hello quickly,GREETING
hey hello,GREETING
could you hello please,GREETING
could you hello,GREETING
please hello,GREETING
hello,GREETING
can you hello now,GREETING
hello please,GREETING
please hello please,GREETING
hello quickly,GREETING
please hello now,GREETING
can you hello,GREETING
could you hello quickly,GREETING
hey hello quickly,GREETING
please hello now,GREETING
please hello now,GREETING
hey hello quickly,GREETING
please hello,GREETING
can you hello,GREETING
hey hello,GREETING
could you hello,GREETING
hello,GREETING
please hello now,GREETING
could you hello quickly,GREETING
hello quickly,GREETING
hello quickly,GREETING
hey hello please,GREETING
hello quickly,GREETING
please hello please,GREETING
hello please,GREETING
hey hello please,GREETING
can you hello,GREETING
hey hello now,GREETING
please hello quickly,GREETING
can you hello please,GREETING
hello quickly,GREETING
hello please,GREETING
please hello quickly,GREETING
please hello,GREETING
could you hello quickly,GREETING
can you hello,GREETING
hello please,GREETING
hey hello please,GREETING
please hello now,GREETING
can you hello,GREETING
please hello quickly,GREETING
could you hello now,GREETING
hey hello quickly,GREETING
could you hello quickly,GREETING
could you hello please,GREETING
can you hi,GREETING
hey hi now,GREETING
can you hi quickly,GREETING
please hi now,GREETING
please hi quickly,GREETING
please hi now,GREETING
hi,GREETING
hi quickly,GREETING
hey hi now,GREETING
can you hi please,GREETING
please hi,GREETING
hey hi quickly,GREETING
hey hi,GREETING
hey hi,GREETING
hey hi now,GREETING
hey hi quickly,GREETING
hi,GREETING
can you hi now,GREETING
can you hi quickly,GREETING
hey hi quickly,GREETING
please hi,GREETING
hi quickly,GREETING
please hi now,GREETING
hi please,GREETING
can you hi please,GREETING
hey hi,GREETING
hi,GREETING
hi quickly,GREETING
please hi now,GREETING
could you hi now,GREETING
hi now,GREETING
hi now,GREETING
hey hi please,GREETING
please hi now,GREETING
hi,GREETING
please hi please,GREETING
hey hi,GREETING
please hi please,GREETING
hey hi quickly,GREETING
please hi now,GREETING
could you hi now,GREETING
can you hi quickly,GREETING
could you hi now,GREETING
could you hi please,GREETING
could you hi quickly,GREETING
please hi please,GREETING
hi please,GREETING
can you hi please,GREETING
please hi now,GREETING
please hi quickly,GREETING
please hey now,GREETING
could you hey,GREETING
hey hey quickly,GREETING
please hey,GREETING
could you hey now,GREETING
could you hey quickly,GREETING
could you hey,GREETING
could you hey please,GREETING
hey now,GREETING
please hey quickly,GREETING
can you hey quickly,GREETING
please hey please,GREETING
could you hey please,GREETING
could you hey now,GREETING
could you hey quickly,GREETING
please hey please,GREETING
could you hey,GREETING
hey hey,GREETING
please hey now,GREETING
hey,GREETING
hey hey quickly,GREETING
can you hey now,GREETING
hey please,GREETING
hey please,GREETING
could you hey quickly,GREETING
hey hey please,GREETING
could you hey quickly,GREETING
hey now,GREETING
hey hey please,GREETING
can you hey quickly,GREETING
can you hey now,GREETING
hey hey quickly,GREETING
hey hey please,GREETING
can you hey quickly,GREETING
hey hey,GREETING
hey quickly,GREETING
could you hey,GREETING
hey now,GREETING
can you hey please,GREETING
hey please,GREETING
could you hey,GREETING
hey hey quickly,GREETING
can you hey quickly,GREETING
can you hey,GREETING
hey quickly,GREETING
hey,GREETING
can you hey quickly,GREETING
please hey now,GREETING
please hey please,GREETING
can you hey quickly,GREETING
can you hey guru please,GREETING
hey guru please,GREETING
could you hey guru please,GREETING
hey hey guru now,GREETING
please hey guru now,GREETING
please hey guru quickly,GREETING
please hey guru please,GREETING
hey hey guru please,GREETING
hey guru now,GREETING
can you hey guru please,GREETING
can you hey guru please,GREETING
hey hey guru quickly,GREETING
hey guru now,GREETING
hey hey guru quickly,GREETING
can you hey guru now,GREETING
please hey guru,GREETING
please hey guru quickly,GREETING
could you hey guru,GREETING
could you hey guru quickly,GREETING
hey hey guru please,GREETING
hey hey guru,GREETING
hey hey guru now,GREETING
hey hey guru please,GREETING
hey guru quickly,GREETING
could you hey guru please,GREETING
hey hey guru quickly,GREETING
hey guru,GREETING
please hey guru quickly,GREETING
hey hey guru now,GREETING
please hey guru quickly,GREETING
hey guru quickly,GREETING
hey hey guru,GREETING
could you hey guru quickly,GREETING
hey hey guru now,GREETING
hey guru,GREETING
hey hey guru please,GREETING
could you hey guru,GREETING
could you hey guru please,GREETING
hey hey guru quickly,GREETING
could you hey guru quickly,GREETING
could you hey guru please,GREETING
hey guru please,GREETING
can you hey guru please,GREETING
can you hey guru,GREETING
can you hey guru please,GREETING
hey hey guru please,GREETING
hey guru please,GREETING
hey guru please,GREETING
hey hey guru quickly,GREETING
please hey guru please,GREETING
please who are you,INTRODUCTION
hey who are you please,INTRODUCTION
hey who are you quickly,INTRODUCTION
could you who are you now,INTRODUCTION
can you who are you now,INTRODUCTION
can you who are you quickly,INTRODUCTION
can you who are you please,INTRODUCTION
can you who are you now,INTRODUCTION
could you who are you quickly,INTRODUCTION
could you who are you now,INTRODUCTION
please who are you please,INTRODUCTION
who are you now,INTRODUCTION
please who are you please,INTRODUCTION
could you who are you quickly,INTRODUCTION
could you who are you quickly,INTRODUCTION
can you who are you quickly,INTRODUCTION
could you who are you please,INTRODUCTION
could you who are you,INTRODUCTION
hey who are you quickly,INTRODUCTION
hey who are you please,INTRODUCTION
who are you now,INTRODUCTION
could you who are you quickly,INTRODUCTION
hey who are you please,INTRODUCTION
could you who are you quickly,INTRODUCTION
hey who are you,INTRODUCTION
please who are you quickly,INTRODUCTION
hey who are you quickly,INTRODUCTION
can you who are you,INTRODUCTION
who are you quickly,INTRODUCTION
who are you,INTRODUCTION
who are you quickly,INTRODUCTION
could you who are you now,INTRODUCTION
can you who are you now,INTRODUCTION
could you who are you now,INTRODUCTION
can you who are you now,INTRODUCTION
hey who are you now,INTRODUCTION
please who are you,INTRODUCTION
who are you now,INTRODUCTION
who are you now,INTRODUCTION
could you who are you quickly,INTRODUCTION
could you who are you quickly,INTRODUCTION
can you who are you,INTRODUCTION
could you who are you now,INTRODUCTION
please who are you quickly,INTRODUCTION
hey who are you,INTRODUCTION
could you who are you please,INTRODUCTION
hey who are you please,INTRODUCTION
hey who are you now,INTRODUCTION
hey who are you,INTRODUCTION
please who are you please,INTRODUCTION
please introduce yourself quickly,INTRODUCTION
could you introduce yourself now,INTRODUCTION
could you introduce yourself,INTRODUCTION
introduce yourself,INTRODUCTION
please introduce yourself please,INTRODUCTION
could you introduce yourself quickly,INTRODUCTION
could you introduce yourself quickly,INTRODUCTION
hey introduce yourself,INTRODUCTION
hey introduce yourself now,INTRODUCTION
could you introduce yourself,INTRODUCTION
please introduce yourself now,INTRODUCTION
could you introduce yourself,INTRODUCTION
hey introduce yourself quickly,INTRODUCTION
hey introduce yourself,INTRODUCTION
can you introduce yourself please,INTRODUCTION
please introduce yourself please,INTRODUCTION
can you introduce yourself please,INTRODUCTION
could you introduce yourself now,INTRODUCTION
can you introduce yourself quickly,INTRODUCTION
can you introduce yourself now,INTRODUCTION
could you introduce yourself,INTRODUCTION
please introduce yourself,INTRODUCTION
introduce yourself,INTRODUCTION
could you introduce yourself,INTRODUCTION
could you introduce yourself quickly,INTRODUCTION
please introduce yourself quickly,INTRODUCTION
introduce yourself quickly,INTRODUCTION
can you introduce yourself please,INTRODUCTION
please introduce yourself quickly,INTRODUCTION
introduce yourself now,INTRODUCTION
hey introduce yourself quickly,INTRODUCTION
could you introduce yourself please,INTRODUCTION
please introduce yourself,INTRODUCTION
can you introduce yourself quickly,INTRODUCTION
introduce yourself,INTRODUCTION
introduce yourself,INTRODUCTION
can you introduce yourself now,INTRODUCTION
please introduce yourself now,INTRODUCTION
introduce yourself please,INTRODUCTION
could you introduce yourself,INTRODUCTION
hey introduce yourself now,INTRODUCTION
can you introduce yourself,INTRODUCTION
introduce yourself please,INTRODUCTION
please introduce yourself now,INTRODUCTION
hey introduce yourself please,INTRODUCTION
could you introduce yourself,INTRODUCTION
hey introduce yourself now,INTRODUCTION
hey introduce yourself now,INTRODUCTION
could you introduce yourself,INTRODUCTION
please introduce yourself,INTRODUCTION
can you what is your name,INTRODUCTION
hey what is your name now,INTRODUCTION
can you what is your name please,INTRODUCTION
hey what is your name quickly,INTRODUCTION
what is your name quickly,INTRODUCTION
can you what is your name now,INTRODUCTION
what is your name now,INTRODUCTION
please what is your name,INTRODUCTION
hey what is your name now,INTRODUCTION
please what is your name now,INTRODUCTION
what is your name,INTRODUCTION
please what is your name,INTRODUCTION
hey what is your name please,INTRODUCTION
hey what is your name please,INTRODUCTION
can you what is your name now,INTRODUCTION
please what is your name,INTRODUCTION
can you what is your name quickly,INTRODUCTION
what is your name please,INTRODUCTION
can you what is your name please,INTRODUCTION
could you what is your name now,INTRODUCTION
could you what is your name quickly,INTRODUCTION
hey what is your name quickly,INTRODUCTION
can you what is your name now,INTRODUCTION
could you what is your name please,INTRODUCTION
can you what is your name,INTRODUCTION
could you what is your name,INTRODUCTION
hey what is your name now,INTRODUCTION
hey what is your name,INTRODUCTION
what is your name now,INTRODUCTION
please what is your name,INTRODUCTION
could you what is your name now,INTRODUCTION
can you what is your name now,INTRODUCTION
hey what is your name please,INTRODUCTION
hey what is your name quickly,INTRODUCTION
can you what is your name please,INTRODUCTION
please what is your name quickly,INTRODUCTION
could you what is your name now,INTRODUCTION
hey what is your name,INTRODUCTION
hey what is your name now,INTRODUCTION
please what is your name,INTRODUCTION
can you what is your name please,INTRODUCTION
could you what is your name quickly,INTRODUCTION
please what is your name now,INTRODUCTION
what is your name now,INTRODUCTION
please what is your name please,INTRODUCTION
could you what is your name please,INTRODUCTION
what is your name now,INTRODUCTION
could you what is your name quickly,INTRODUCTION
hey what is your name now,INTRODUCTION
please what is your name quickly,INTRODUCTION
please tell me about yourself quickly,INTRODUCTION
please tell me about yourself quickly,INTRODUCTION
hey tell me about yourself quickly,INTRODUCTION
tell me about yourself,INTRODUCTION
tell me about yourself,INTRODUCTION
tell me about yourself please,INTRODUCTION
can you tell me about yourself,INTRODUCTION
could you tell me about yourself,INTRODUCTION
tell me about yourself now,INTRODUCTION
could you tell me about yourself now,INTRODUCTION
hey tell me about yourself quickly,INTRODUCTION
could you tell me about yourself,INTRODUCTION
tell me about yourself now,INTRODUCTION
tell me about yourself quickly,INTRODUCTION
please tell me about yourself,INTRODUCTION
hey tell me about yourself,INTRODUCTION
can you tell me about yourself quickly,INTRODUCTION
hey tell me about yourself please,INTRODUCTION
hey tell me about yourself,INTRODUCTION
hey tell me about yourself quickly,INTRODUCTION
please tell me about yourself now,INTRODUCTION
please tell me about yourself quickly,INTRODUCTION
could you tell me about yourself please,INTRODUCTION
hey tell me about yourself,INTRODUCTION
can you tell me about yourself,INTRODUCTION
could you tell me about yourself,INTRODUCTION
please tell me about yourself,INTRODUCTION
hey tell me about yourself,INTRODUCTION
tell me about yourself please,INTRODUCTION
can you tell me about yourself,INTRODUCTION
could you tell me about yourself please,INTRODUCTION
could you tell me about yourself now,INTRODUCTION
could you tell me about yourself please,INTRODUCTION
could you tell me about yourself,INTRODUCTION
please tell me about yourself quickly,INTRODUCTION
tell me about yourself,INTRODUCTION
please tell me about yourself please,INTRODUCTION
please tell me about yourself quickly,INTRODUCTION
tell me about yourself now,INTRODUCTION
could you tell me about yourself now,INTRODUCTION
tell me about yourself,INTRODUCTION
hey tell me about yourself,INTRODUCTION
could you tell me about yourself quickly,INTRODUCTION
hey tell me about yourself,INTRODUCTION
can you tell me about yourself please,INTRODUCTION
tell me about yourself now,INTRODUCTION
hey tell me about yourself now,INTRODUCTION
could you tell me about yourself quickly,INTRODUCTION
can you tell me about yourself quickly,INTRODUCTION
please tell me about yourself,INTRODUCTION
hey what can you do quickly,ROBOT_INFO
can you what can you do quickly,ROBOT_INFO
hey what can you do please,ROBOT_INFO
hey what can you do please,ROBOT_INFO
hey what can you do please,ROBOT_INFO
could you what can you do please,ROBOT_INFO
can you what can you do,ROBOT_INFO
can you what can you do please,ROBOT_INFO
please what can you do now,ROBOT_INFO
what can you do,ROBOT_INFO
please what can you do,ROBOT_INFO
what can you do now,ROBOT_INFO
could you what can you do,ROBOT_INFO
hey what can you do,ROBOT_INFO
please what can you do please,ROBOT_INFO
what can you do,ROBOT_INFO
hey what can you do now,ROBOT_INFO
could you what can you do quickly,ROBOT_INFO
could you what can you do,ROBOT_INFO
hey what can you do now,ROBOT_INFO
could you what can you do,ROBOT_INFO
what can you do now,ROBOT_INFO
could you what can you do,ROBOT_INFO
please what can you do,ROBOT_INFO
hey what can you do quickly,ROBOT_INFO
could you what can you do,ROBOT_INFO
what can you do now,ROBOT_INFO
what can you do,ROBOT_INFO
what can you do,ROBOT_INFO
can you what can you do please,ROBOT_INFO
can you what can you do please,ROBOT_INFO
could you what can you do now,ROBOT_INFO
please what can you do now,ROBOT_INFO
what can you do quickly,ROBOT_INFO
could you what can you do quickly,ROBOT_INFO
hey what can you do please,ROBOT_INFO
what can you do now,ROBOT_INFO
what can you do please,ROBOT_INFO
hey what can you do please,ROBOT_INFO
please what can you do now,ROBOT_INFO
can you what can you do now,ROBOT_INFO
hey what can you do now,ROBOT_INFO
what can you do please,ROBOT_INFO
hey what can you do please,ROBOT_INFO
could you what can you do,ROBOT_INFO
what can you do quickly,ROBOT_INFO
please what can you do now,ROBOT_INFO
can you what can you do now,ROBOT_INFO
hey what can you do,ROBOT_INFO
could you what can you do quickly,ROBOT_INFO
could you your services now,ROBOT_INFO
can you your services please,ROBOT_INFO
hey your services now,ROBOT_INFO
could you your services please,ROBOT_INFO
hey your services please,ROBOT_INFO
could you your services now,ROBOT_INFO
could you your services now,ROBOT_INFO
hey your services please,ROBOT_INFO
please your services,ROBOT_INFO
can you your services now,ROBOT_INFO
please your services now,ROBOT_INFO
your services please,ROBOT_INFO
please your services now,ROBOT_INFO
could you your services quickly,ROBOT_INFO
could you your services,ROBOT_INFO
could you your services quickly,ROBOT_INFO
please your services quickly,ROBOT_INFO
hey your services,ROBOT_INFO
your services,ROBOT_INFO
could you your services,ROBOT_INFO
could you your services,ROBOT_INFO
your services,ROBOT_INFO
hey your services,ROBOT_INFO
your services,ROBOT_INFO
could you your services,ROBOT_INFO
hey your services now,ROBOT_INFO
your services now,ROBOT_INFO
please your services now,ROBOT_INFO
your services please,ROBOT_INFO
your services quickly,ROBOT_INFO
could you your services now,ROBOT_INFO
your services quickly,ROBOT_INFO
hey your services please,ROBOT_INFO
your services,ROBOT_INFO
can you your services quickly,ROBOT_INFO
your services now,ROBOT_INFO
can you your services,ROBOT_INFO
could you your services please,ROBOT_INFO
hey your services please,ROBOT_INFO
please your services now,ROBOT_INFO
please your services now,ROBOT_INFO
please your services please,ROBOT_INFO
hey your services please,ROBOT_INFO
could you your services please,ROBOT_INFO
your services now,ROBOT_INFO
could you your services quickly,ROBOT_INFO
please your services now,ROBOT_INFO
hey your services,ROBOT_INFO
your services quickly,ROBOT_INFO
can you your services please,ROBOT_INFO
can you where are you please,LOCATION_INFO
can you where are you please,LOCATION_INFO
please where are you please,LOCATION_INFO
could you where are you quickly,LOCATION_INFO
hey where are you please,LOCATION_INFO
could you where are you quickly,LOCATION_INFO
can you where are you please,LOCATION_INFO
hey where are you please,LOCATION_INFO
where are you please,LOCATION_INFO
could you where are you,LOCATION_INFO
hey where are you please,LOCATION_INFO
please where are you now,LOCATION_INFO
hey where are you please,LOCATION_INFO
can you where are you now,LOCATION_INFO
please where are you please,LOCATION_INFO
could you where are you quickly,LOCATION_INFO
where are you now,LOCATION_INFO
hey where are you now,LOCATION_INFO
can you where are you please,LOCATION_INFO
hey where are you please,LOCATION_INFO
please where are you now,LOCATION_INFO
hey where are you quickly,LOCATION_INFO
can you where are you quickly,LOCATION_INFO
can you where are you please,LOCATION_INFO
could you where are you now,LOCATION_INFO
hey where are you quickly,LOCATION_INFO
could you where are you,LOCATION_INFO
please where are you,LOCATION_INFO
hey where are you quickly,LOCATION_INFO
please where are you,LOCATION_INFO
hey where are you,LOCATION_INFO
can you where are you now,LOCATION_INFO
hey where are you,LOCATION_INFO
could you where are you please,LOCATION_INFO
hey where are you now,LOCATION_INFO
hey where are you now,LOCATION_INFO
where are you quickly,LOCATION_INFO
please where are you now,LOCATION_INFO
please where are you please,LOCATION_INFO
hey where are you please,LOCATION_INFO
can you where are you,LOCATION_INFO
please where are you quickly,LOCATION_INFO
can you where are you,LOCATION_INFO
where are you quickly,LOCATION_INFO
could you where are you,LOCATION_INFO
please where are you quickly,LOCATION_INFO
could you where are you quickly,LOCATION_INFO
could you where are you,LOCATION_INFO
where are you now,LOCATION_INFO
hey where are you quickly,LOCATION_INFO
hey your location,LOCATION_INFO
could you your location now,LOCATION_INFO
can you your location now,LOCATION_INFO
can you your location,LOCATION_INFO
your location,LOCATION_INFO
your location now,LOCATION_INFO
your location,LOCATION_INFO
hey your location please,LOCATION_INFO
hey your location,LOCATION_INFO
your location quickly,LOCATION_INFO
hey your location quickly,LOCATION_INFO
your location,LOCATION_INFO
could you your location quickly,LOCATION_INFO
can you your location quickly,LOCATION_INFO
can you your location,LOCATION_INFO
please your location quickly,LOCATION_INFO
hey your location please,LOCATION_INFO
can you your location please,LOCATION_INFO
could you your location now,LOCATION_INFO
hey your location now,LOCATION_INFO
hey your location now,LOCATION_INFO
can you your location quickly,LOCATION_INFO
hey your location please,LOCATION_INFO
could you your location,LOCATION_INFO
please your location now,LOCATION_INFO
your location now,LOCATION_INFO
hey your location quickly,LOCATION_INFO
your location quickly,LOCATION_INFO
please your location quickly,LOCATION_INFO
please your location please,LOCATION_INFO
please your location,LOCATION_INFO
hey your location,LOCATION_INFO
can you your location quickly,LOCATION_INFO
please your location please,LOCATION_INFO
can you your location please,LOCATION_INFO
could you your location please,LOCATION_INFO
please your location,LOCATION_INFO
can you your location please,LOCATION_INFO
could you your location now,LOCATION_INFO
can you your location quickly,LOCATION_INFO
hey your location,LOCATION_INFO
can you your location please,LOCATION_INFO
hey your location now,LOCATION_INFO
could you your location please,LOCATION_INFO
your location,LOCATION_INFO
your location now,LOCATION_INFO
hey your location now,LOCATION_INFO
please your location quickly,LOCATION_INFO
your location,LOCATION_INFO
could you your location,LOCATION_INFO
hey who made you now,DEVELOPER_INFO
can you who made you quickly,DEVELOPER_INFO
hey who made you,DEVELOPER_INFO
who made you please,DEVELOPER_INFO
who made you quickly,DEVELOPER_INFO
hey who made you quickly,DEVELOPER_INFO
please who made you now,DEVELOPER_INFO
could you who made you,DEVELOPER_INFO
who made you,DEVELOPER_INFO
please who made you,DEVELOPER_INFO
could you who made you now,DEVELOPER_INFO
who made you,DEVELOPER_INFO
can you who made you quickly,DEVELOPER_INFO
please who made you quickly,DEVELOPER_INFO
could you who made you,DEVELOPER_INFO
could you who made you now,DEVELOPER_INFO
hey who made you now,DEVELOPER_INFO
who made you please,DEVELOPER_INFO
hey who made you quickly,DEVELOPER_INFO
can you who made you please,DEVELOPER_INFO
could you who made you quickly,DEVELOPER_INFO
who made you,DEVELOPER_INFO
could you who made you now,DEVELOPER_INFO
can you who made you quickly,DEVELOPER_INFO
hey who made you,DEVELOPER_INFO
please who made you quickly,DEVELOPER_INFO
could you who made you quickly,DEVELOPER_INFO
could you who made you now,DEVELOPER_INFO
hey who made you please,DEVELOPER_INFO
hey who made you now,DEVELOPER_INFO
could you who made you quickly,DEVELOPER_INFO
please who made you,DEVELOPER_INFO
hey who made you now,DEVELOPER_INFO
please who made you quickly,DEVELOPER_INFO
could you who made you quickly,DEVELOPER_INFO
hey who made you please,DEVELOPER_INFO
please who made you now,DEVELOPER_INFO
could you who made you quickly,DEVELOPER_INFO
could you who made you,DEVELOPER_INFO
who made you now,DEVELOPER_INFO
could you who made you,DEVELOPER_INFO
hey who made you now,DEVELOPER_INFO
who made you,DEVELOPER_INFO
who made you please,DEVELOPER_INFO
please who made you please,DEVELOPER_INFO
who made you now,DEVELOPER_INFO
please who made you quickly,DEVELOPER_INFO
who made you quickly,DEVELOPER_INFO
can you who made you now,DEVELOPER_INFO
could you who made you,DEVELOPER_INFO
can you who is your developer quickly,DEVELOPER_INFO
who is your developer please,DEVELOPER_INFO
can you who is your developer,DEVELOPER_INFO
can you who is your developer,DEVELOPER_INFO
please who is your developer,DEVELOPER_INFO
please who is your developer,DEVELOPER_INFO
can you who is your developer quickly,DEVELOPER_INFO
hey who is your developer please,DEVELOPER_INFO
who is your developer please,DEVELOPER_INFO
hey who is your developer,DEVELOPER_INFO
can you who is your developer please,DEVELOPER_INFO
hey who is your developer please,DEVELOPER_INFO
please who is your developer quickly,DEVELOPER_INFO
who is your developer please,DEVELOPER_INFO
hey who is your developer now,DEVELOPER_INFO
could you who is your developer quickly,DEVELOPER_INFO
can you who is your developer now,DEVELOPER_INFO
please who is your developer quickly,DEVELOPER_INFO
could you who is your developer quickly,DEVELOPER_INFO
please who is your developer quickly,DEVELOPER_INFO
please who is your developer please,DEVELOPER_INFO
who is your developer now,DEVELOPER_INFO
who is your developer now,DEVELOPER_INFO
could you who is your developer,DEVELOPER_INFO
please who is your developer quickly,DEVELOPER_INFO
who is your developer please,DEVELOPER_INFO
could you who is your developer now,DEVELOPER_INFO
can you who is your developer,DEVELOPER_INFO
could you who is your developer now,DEVELOPER_INFO
hey who is your developer now,DEVELOPER_INFO
could you who is your developer now,DEVELOPER_INFO
please who is your developer quickly,DEVELOPER_INFO
can you who is your developer,DEVELOPER_INFO
please who is your developer please,DEVELOPER_INFO
who is your developer,DEVELOPER_INFO
hey who is your developer,DEVELOPER_INFO
hey who is your developer,DEVELOPER_INFO
please who is your developer now,DEVELOPER_INFO
please who is your developer,DEVELOPER_INFO
hey who is your developer please,DEVELOPER_INFO
please who is your developer now,DEVELOPER_INFO
can you who is your developer,DEVELOPER_INFO
can you who is your developer now,DEVELOPER_INFO
who is your developer,DEVELOPER_INFO
can you who is your developer quickly,DEVELOPER_INFO
can you who is your developer quickly,DEVELOPER_INFO
could you who is your developer,DEVELOPER_INFO
can you who is your developer,DEVELOPER_INFO
could you who is your developer,DEVELOPER_INFO
please who is your developer now,DEVELOPER_INFO
please who develope you now,DEVELOPER_INFO
please who develope you quickly,DEVELOPER_INFO
hey who develope you now,DEVELOPER_INFO
hey who develope you,DEVELOPER_INFO
please who develope you quickly,DEVELOPER_INFO
could you who develope you now,DEVELOPER_INFO
could you who develope you please,DEVELOPER_INFO
could you who develope you now,DEVELOPER_INFO
hey who develope you now,DEVELOPER_INFO
who develope you quickly,DEVELOPER_INFO
hey who develope you now,DEVELOPER_INFO
can you who develope you quickly,DEVELOPER_INFO
can you who develope you now,DEVELOPER_INFO
who develope you please,DEVELOPER_INFO
who develope you now,DEVELOPER_INFO
who develope you,DEVELOPER_INFO
can you who develope you,DEVELOPER_INFO
could you who develope you now,DEVELOPER_INFO
could you who develope you quickly,DEVELOPER_INFO
can you who develope you,DEVELOPER_INFO
hey who develope you now,DEVELOPER_INFO
could you who develope you quickly,DEVELOPER_INFO
hey who develope you now,DEVELOPER_INFO
hey who develope you quickly,DEVELOPER_INFO
please who develope you please,DEVELOPER_INFO
could you who develope you now,DEVELOPER_INFO
please who develope you now,DEVELOPER_INFO
can you who develope you,DEVELOPER_INFO
hey who develope you quickly,DEVELOPER_INFO
who develope you now,DEVELOPER_INFO
can you who develope you,DEVELOPER_INFO
hey who develope you now,DEVELOPER_INFO
hey who develope you now,DEVELOPER_INFO
can you who develope you please,DEVELOPER_INFO
please who develope you,DEVELOPER_INFO
hey who develope you,DEVELOPER_INFO
please who develope you,DEVELOPER_INFO
hey who develope you,DEVELOPER_INFO
could you who develope you quickly,DEVELOPER_INFO
could you who develope you now,DEVELOPER_INFO
could you who develope you please,DEVELOPER_INFO
who develope you please,DEVELOPER_INFO
please who develope you now,DEVELOPER_INFO
can you who develope you now,DEVELOPER_INFO
please who develope you please,DEVELOPER_INFO
can you who develope you,DEVELOPER_INFO
hey who develope you now,DEVELOPER_INFO
hey who develope you now,DEVELOPER_INFO
who develope you,DEVELOPER_INFO
could you who develope you quickly,DEVELOPER_INFO
can you where were you created now,ORIGIN_INFO
where were you created now,ORIGIN_INFO
please where were you created,ORIGIN_INFO
hey where were you created quickly,ORIGIN_INFO
where were you created quickly,ORIGIN_INFO
can you where were you created now,ORIGIN_INFO
hey where were you created now,ORIGIN_INFO
could you where were you created now,ORIGIN_INFO
could you where were you created now,ORIGIN_INFO
please where were you created,ORIGIN_INFO
can you where were you created please,ORIGIN_INFO
could you where were you created,ORIGIN_INFO
can you where were you created please,ORIGIN_INFO
please where were you created,ORIGIN_INFO
hey where were you created quickly,ORIGIN_INFO
could you where were you created quickly,ORIGIN_INFO
please where were you created quickly,ORIGIN_INFO
where were you created please,ORIGIN_INFO
please where were you created quickly,ORIGIN_INFO
can you where were you created,ORIGIN_INFO
where were you created now,ORIGIN_INFO
hey where were you created quickly,ORIGIN_INFO
hey where were you created now,ORIGIN_INFO
where were you created please,ORIGIN_INFO
hey where were you created quickly,ORIGIN_INFO
hey where were you created please,ORIGIN_INFO
could you where were you created please,ORIGIN_INFO
where were you created quickly,ORIGIN_INFO
where were you created quickly,ORIGIN_INFO
please where were you created quickly,ORIGIN_INFO
could you where were you created,ORIGIN_INFO
where were you created now,ORIGIN_INFO
can you where were you created quickly,ORIGIN_INFO
could you where were you created,ORIGIN_INFO
can you where were you created,ORIGIN_INFO
please where were you created quickly,ORIGIN_INFO
can you where were you created,ORIGIN_INFO
can you where were you created,ORIGIN_INFO
hey where were you created now,ORIGIN_INFO
hey where were you created,ORIGIN_INFO
can you where were you created,ORIGIN_INFO
could you where were you created quickly,ORIGIN_INFO
could you where were you created,ORIGIN_INFO
hey where were you created now,ORIGIN_INFO
can you where were you created,ORIGIN_INFO
hey where were you created please,ORIGIN_INFO
could you where were you created please,ORIGIN_INFO
can you where were you created quickly,ORIGIN_INFO
where were you created now,ORIGIN_INFO
please where were you created please,ORIGIN_INFO
can you your origin please,ORIGIN_INFO
please your origin please,ORIGIN_INFO
please your origin now,ORIGIN_INFO
can you your origin quickly,ORIGIN_INFO
your origin now,ORIGIN_INFO
hey your origin please,ORIGIN_INFO
hey your origin,ORIGIN_INFO
can you your origin quickly,ORIGIN_INFO
your origin,ORIGIN_INFO
can you your origin,ORIGIN_INFO
your origin please,ORIGIN_INFO
your origin quickly,ORIGIN_INFO
could you your origin quickly,ORIGIN_INFO
please your origin quickly,ORIGIN_INFO
hey your origin please,ORIGIN_INFO
can you your origin quickly,ORIGIN_INFO
please your origin quickly,ORIGIN_INFO
please your origin quickly,ORIGIN_INFO
hey your origin now,ORIGIN_INFO
your origin now,ORIGIN_INFO
your origin,ORIGIN_INFO
hey your origin quickly,ORIGIN_INFO
your origin quickly,ORIGIN_INFO
hey your origin quickly,ORIGIN_INFO
could you your origin quickly,ORIGIN_INFO
please your origin quickly,ORIGIN_INFO
hey your origin now,ORIGIN_INFO
your origin,ORIGIN_INFO
could you your origin please,ORIGIN_INFO
can you your origin now,ORIGIN_INFO
can you your origin,ORIGIN_INFO
your origin please,ORIGIN_INFO
could you your origin,ORIGIN_INFO
can you your origin quickly,ORIGIN_INFO
your origin please,ORIGIN_INFO
can you your origin quickly,ORIGIN_INFO
hey your origin now,ORIGIN_INFO
hey your origin quickly,ORIGIN_INFO
your origin now,ORIGIN_INFO
could you your origin please,ORIGIN_INFO
your origin please,ORIGIN_INFO
please your origin,ORIGIN_INFO
can you your origin quickly,ORIGIN_INFO
can you your origin please,ORIGIN_INFO
could you your origin quickly,ORIGIN_INFO
your origin,ORIGIN_INFO
can you your origin quickly,ORIGIN_INFO
hey your origin,ORIGIN_INFO
could you your origin quickly,ORIGIN_INFO
can you your origin now,ORIGIN_INFO
who owns you,OWNER_INFO
can you who owns you now,OWNER_INFO
please who owns you quickly,OWNER_INFO
could you who owns you please,OWNER_INFO
who owns you,OWNER_INFO
could you who owns you now,OWNER_INFO
could you who owns you please,OWNER_INFO
hey who owns you please,OWNER_INFO
could you who owns you quickly,OWNER_INFO
who owns you quickly,OWNER_INFO
who owns you,OWNER_INFO
hey who owns you,OWNER_INFO
please who owns you now,OWNER_INFO
please who owns you,OWNER_INFO
who owns you quickly,OWNER_INFO
hey who owns you quickly,OWNER_INFO
hey who owns you quickly,OWNER_INFO
please who owns you please,OWNER_INFO
hey who owns you quickly,OWNER_INFO
could you who owns you now,OWNER_INFO
hey who owns you,OWNER_INFO
who owns you,OWNER_INFO
please who owns you,OWNER_INFO
can you who owns you please,OWNER_INFO
hey who owns you,OWNER_INFO
could you who owns you now,OWNER_INFO
who owns you quickly,OWNER_INFO
could you who owns you quickly,OWNER_INFO
who owns you,OWNER_INFO
can you who owns you please,OWNER_INFO
can you who owns you please,OWNER_INFO
who owns you quickly,OWNER_INFO
who owns you quickly,OWNER_INFO
hey who owns you quickly,OWNER_INFO
can you who owns you quickly,OWNER_INFO
please who owns you now,OWNER_INFO
hey who owns you now,OWNER_INFO
please who owns you,OWNER_INFO
who owns you,OWNER_INFO
hey who owns you please,OWNER_INFO
can you who owns you please,OWNER_INFO
can you who owns you quickly,OWNER_INFO
could you who owns you now,OWNER_INFO
could you who owns you now,OWNER_INFO
please who owns you please,OWNER_INFO
can you who owns you please,OWNER_INFO
who owns you,OWNER_INFO
can you who owns you,OWNER_INFO
hey who owns you please,OWNER_INFO
hey who owns you now,OWNER_INFO
can you who own you quickly,OWNER_INFO
could you who own you quickly,OWNER_INFO
who own you,OWNER_INFO
could you who own you please,OWNER_INFO
who own you now,OWNER_INFO
can you who own you,OWNER_INFO
can you who own you now,OWNER_INFO
please who own you quickly,OWNER_INFO
can you who own you,OWNER_INFO
could you who own you please,OWNER_INFO
could you who own you,OWNER_INFO
can you who own you,OWNER_INFO
hey who own you quickly,OWNER_INFO
could you who own you please,OWNER_INFO
who own you please,OWNER_INFO
could you who own you please,OWNER_INFO
who own you,OWNER_INFO
please who own you please,OWNER_INFO
please who own you now,OWNER_INFO
who own you please,OWNER_INFO
who own you now,OWNER_INFO
could you who own you quickly,OWNER_INFO
hey who own you,OWNER_INFO
could you who own you please,OWNER_INFO
please who own you please,OWNER_INFO
could you who own you,OWNER_INFO
who own you,OWNER_INFO
can you who own you now,OWNER_INFO
could you who own you now,OWNER_INFO
please who own you please,OWNER_INFO
can you who own you please,OWNER_INFO
could you who own you,OWNER_INFO
who own you now,OWNER_INFO
hey who own you quickly,OWNER_INFO
could you who own you,OWNER_INFO
please who own you,OWNER_INFO
who own you quickly,OWNER_INFO
hey who own you quickly,OWNER_INFO
who own you,OWNER_INFO
please who own you now,OWNER_INFO
can you who own you quickly,OWNER_INFO
could you who own you now,OWNER_INFO
who own you quickly,OWNER_INFO
hey who own you quickly,OWNER_INFO
hey who own you please,OWNER_INFO
can you who own you quickly,OWNER_INFO
can you who own you now,OWNER_INFO
who own you now,OWNER_INFO
hey who own you please,OWNER_INFO
can you who own you quickly,OWNER_INFO
hey who buy you please,OWNER_INFO
could you who buy you please,OWNER_INFO
who buy you please,OWNER_INFO
can you who buy you now,OWNER_INFO
can you who buy you please,OWNER_INFO
hey who buy you quickly,OWNER_INFO
who buy you,OWNER_INFO
hey who buy you quickly,OWNER_INFO
who buy you please,OWNER_INFO
can you who buy you quickly,OWNER_INFO
can you who buy you now,OWNER_INFO
can you who buy you please,OWNER_INFO
please who buy you quickly,OWNER_INFO
can you who buy you,OWNER_INFO
could you who buy you now,OWNER_INFO
hey who buy you quickly,OWNER_INFO
please who buy you please,OWNER_INFO
can you who buy you please,OWNER_INFO
hey who buy you,OWNER_INFO
can you who buy you quickly,OWNER_INFO
hey who buy you quickly,OWNER_INFO
could you who buy you quickly,OWNER_INFO
who buy you quickly,OWNER_INFO
hey who buy you now,OWNER_INFO
could you who buy you please,OWNER_INFO
who buy you please,OWNER_INFO
who buy you please,OWNER_INFO
please who buy you please,OWNER_INFO
could you who buy you quickly,OWNER_INFO
please who buy you quickly,OWNER_INFO
who buy you now,OWNER_INFO
please who buy you,OWNER_INFO
hey who buy you now,OWNER_INFO
please who buy you quickly,OWNER_INFO
could you who buy you,OWNER_INFO
who buy you,OWNER_INFO
please who buy you please,OWNER_INFO
can you who buy you please,OWNER_INFO
can you who buy you,OWNER_INFO
who buy you please,OWNER_INFO
who buy you,OWNER_INFO
can you who buy you please,OWNER_INFO
can you who buy you please,OWNER_INFO
hey who buy you quickly,OWNER_INFO
can you who buy you,OWNER_INFO
could you who buy you please,OWNER_INFO
please who buy you quickly,OWNER_INFO
please who buy you now,OWNER_INFO
could you who buy you now,OWNER_INFO
hey who buy you now,OWNER_INFO
could you who bought you now,OWNER_INFO
could you who bought you now,OWNER_INFO
could you who bought you,OWNER_INFO
can you who bought you,OWNER_INFO
could you who bought you,OWNER_INFO
hey who bought you now,OWNER_INFO
could you who bought you now,OWNER_INFO
hey who bought you,OWNER_INFO
could you who bought you,OWNER_INFO
hey who bought you quickly,OWNER_INFO
could you who bought you now,OWNER_INFO
please who bought you,OWNER_INFO
can you who bought you now,OWNER_INFO
who bought you please,OWNER_INFO
hey who bought you,OWNER_INFO
hey who bought you now,OWNER_INFO
can you who bought you quickly,OWNER_INFO
please who bought you please,OWNER_INFO
can you who bought you quickly,OWNER_INFO
please who bought you please,OWNER_INFO
could you who bought you please,OWNER_INFO
hey who bought you quickly,OWNER_INFO
can you who bought you now,OWNER_INFO
can you who bought you please,OWNER_INFO
please who bought you now,OWNER_INFO
could you who bought you,OWNER_INFO
please who bought you please,OWNER_INFO
could you who bought you now,OWNER_INFO
hey who bought you please,OWNER_INFO
could you who bought you now,OWNER_INFO
can you who bought you please,OWNER_INFO
hey who bought you quickly,OWNER_INFO
hey who bought you,OWNER_INFO
who bought you,OWNER_INFO
hey who bought you quickly,OWNER_INFO
please who bought you quickly,OWNER_INFO
can you who bought you please,OWNER_INFO
please who bought you,OWNER_INFO
hey who bought you,OWNER_INFO
can you who bought you quickly,OWNER_INFO
can you who bought you now,OWNER_INFO
could you who bought you now,OWNER_INFO
can you who bought you please,OWNER_INFO
could you who bought you,OWNER_INFO
hey who bought you,OWNER_INFO
can you who bought you,OWNER_INFO
who bought you now,OWNER_INFO
could you who bought you now,OWNER_INFO
hey who bought you please,OWNER_INFO
can you who bought you please,OWNER_INFO
your owner quickly,OWNER_INFO
please your owner now,OWNER_INFO
please your owner,OWNER_INFO
hey your owner quickly,OWNER_INFO
hey your owner please,OWNER_INFO
can you your owner,OWNER_INFO
can you your owner please,OWNER_INFO
hey your owner quickly,OWNER_INFO
hey your owner,OWNER_INFO
your owner,OWNER_INFO
your owner quickly,OWNER_INFO
can you your owner please,OWNER_INFO
could you your owner quickly,OWNER_INFO
your owner,OWNER_INFO
please your owner,OWNER_INFO
could you your owner quickly,OWNER_INFO
could you your owner please,OWNER_INFO
please your owner quickly,OWNER_INFO
your owner quickly,OWNER_INFO
could you your owner now,OWNER_INFO
your owner please,OWNER_INFO
your owner quickly,OWNER_INFO
your owner please,OWNER_INFO
please your owner quickly,OWNER_INFO
hey your owner now,OWNER_INFO
please your owner,OWNER_INFO
hey your owner,OWNER_INFO
please your owner quickly,OWNER_INFO
your owner please,OWNER_INFO
please your owner please,OWNER_INFO
your owner,OWNER_INFO
your owner now,OWNER_INFO
please your owner,OWNER_INFO
hey your owner please,OWNER_INFO
hey your owner,OWNER_INFO
your owner quickly,OWNER_INFO
can you your owner please,OWNER_INFO
hey your owner,OWNER_INFO
your owner quickly,OWNER_INFO
your owner quickly,OWNER_INFO
could you your owner now,OWNER_INFO
can you your owner,OWNER_INFO
can you your owner quickly,OWNER_INFO
hey your owner quickly,OWNER_INFO
hey your owner please,OWNER_INFO
your owner,OWNER_INFO
could you your owner,OWNER_INFO
can you your owner now,OWNER_INFO
can you your owner now,OWNER_INFO
could you your owner quickly,OWNER_INFO
can you what is today's date,GET_DATE
hey what is today's date please,GET_DATE
hey what is today's date quickly,GET_DATE
please what is today's date please,GET_DATE
please what is today's date,GET_DATE
please what is today's date please,GET_DATE
hey what is today's date now,GET_DATE
hey what is today's date now,GET_DATE
could you what is today's date quickly,GET_DATE
hey what is today's date please,GET_DATE
could you what is today's date quickly,GET_DATE
can you what is today's date now,GET_DATE
hey what is today's date please,GET_DATE
hey what is today's date,GET_DATE
can you what is today's date please,GET_DATE
what is today's date please,GET_DATE
please what is today's date,GET_DATE
could you what is today's date now,GET_DATE
could you what is today's date please,GET_DATE
can you what is today's date please,GET_DATE
please what is today's date quickly,GET_DATE
could you what is today's date now,GET_DATE
could you what is today's date now,GET_DATE
hey what is today's date quickly,GET_DATE
can you what is today's date now,GET_DATE
hey what is today's date now,GET_DATE
please what is today's date,GET_DATE
please what is today's date quickly,GET_DATE
please what is today's date,GET_DATE
hey what is today's date please,GET_DATE
can you what is today's date please,GET_DATE
can you what is today's date now,GET_DATE
could you what is today's date now,GET_DATE
can you what is today's date now,GET_DATE
can you what is today's date please,GET_DATE
could you what is today's date now,GET_DATE
can you what is today's date please,GET_DATE
could you what is today's date,GET_DATE
can you what is today's date,GET_DATE
what is today's date now,GET_DATE
please what is today's date quickly,GET_DATE
can you what is today's date quickly,GET_DATE
can you what is today's date now,GET_DATE
what is today's date please,GET_DATE
can you what is today's date,GET_DATE
hey what is today's date please,GET_DATE
hey what is today's date now,GET_DATE
can you what is today's date now,GET_DATE
what is today's date please,GET_DATE
what is today's date please,GET_DATE
can you what is today's day quickly,GET_DATE
could you what is today's day please,GET_DATE
what is today's day please,GET_DATE
hey what is today's day now,GET_DATE
hey what is today's day,GET_DATE
hey what is today's day please,GET_DATE
could you what is today's day now,GET_DATE
please what is today's day please,GET_DATE
hey what is today's day now,GET_DATE
what is today's day now,GET_DATE
what is today's day please,GET_DATE
can you what is today's day please,GET_DATE
what is today's day,GET_DATE
could you what is today's day,GET_DATE
hey what is today's day please,GET_DATE
what is today's day now,GET_DATE
can you what is today's day now,GET_DATE
can you what is today's day quickly,GET_DATE
can you what is today's day now,GET_DATE
please what is today's day quickly,GET_DATE
could you what is today's day quickly,GET_DATE
could you what is today's day please,GET_DATE
hey what is today's day quickly,GET_DATE
can you what is today's day,GET_DATE
hey what is today's day,GET_DATE
hey what is today's day quickly,GET_DATE
hey what is today's day,GET_DATE
could you what is today's day,GET_DATE
can you what is today's day now,GET_DATE
what is today's day now,GET_DATE
please what is today's day quickly,GET_DATE
hey what is today's day,GET_DATE
please what is today's day quickly,GET_DATE
could you what is today's day,GET_DATE
please what is today's day please,GET_DATE
hey what is today's day quickly,GET_DATE
could you what is today's day please,GET_DATE
hey what is today's day now,GET_DATE
hey what is today's day quickly,GET_DATE
can you what is today's day please,GET_DATE
please what is today's day now,GET_DATE
what is today's day now,GET_DATE
what is today's day quickly,GET_DATE
can you what is today's day now,GET_DATE
please what is today's day please,GET_DATE
please what is today's day quickly,GET_DATE
what is today's day,GET_DATE
hey what is today's day now,GET_DATE
can you what is today's day,GET_DATE
hey what is today's day now,GET_DATE
hey date now,GET_DATE
please date,GET_DATE
hey date now,GET_DATE
date please,GET_DATE
hey date please,GET_DATE
could you date quickly,GET_DATE
hey date please,GET_DATE
hey date quickly,GET_DATE
hey date please,GET_DATE
can you date please,GET_DATE
could you date please,GET_DATE
date now,GET_DATE
date please,GET_DATE
could you date,GET_DATE
please date please,GET_DATE
can you date now,GET_DATE
please date now,GET_DATE
date quickly,GET_DATE
hey date,GET_DATE
could you date now,GET_DATE
date quickly,GET_DATE
please date please,GET_DATE
hey date please,GET_DATE
could you date now,GET_DATE
can you date,GET_DATE
date quickly,GET_DATE
hey date,GET_DATE
can you date quickly,GET_DATE
can you date,GET_DATE
hey date please,GET_DATE
please date quickly,GET_DATE
could you date now,GET_DATE
hey date quickly,GET_DATE
could you date now,GET_DATE
date quickly,GET_DATE
could you date now,GET_DATE
could you date please,GET_DATE
can you date please,GET_DATE
please date please,GET_DATE
can you date quickly,GET_DATE
date please,GET_DATE
date now,GET_DATE
could you date quickly,GET_DATE
could you date now,GET_DATE
date,GET_DATE
hey date quickly,GET_DATE
could you date quickly,GET_DATE
date,GET_DATE
hey date quickly,GET_DATE
hey date quickly,GET_DATE
hey today now,GET_DATE
could you today quickly,GET_DATE
can you today please,GET_DATE
can you today quickly,GET_DATE
hey today now,GET_DATE
hey today,GET_DATE
today now,GET_DATE
today now,GET_DATE
please today quickly,GET_DATE
could you today,GET_DATE
today quickly,GET_DATE
can you today quickly,GET_DATE
today quickly,GET_DATE
hey today quickly,GET_DATE
please today,GET_DATE
today,GET_DATE
hey today please,GET_DATE
could you today quickly,GET_DATE
could you today please,GET_DATE
hey today now,GET_DATE
please today now,GET_DATE
please today,GET_DATE
hey today,GET_DATE
hey today quickly,GET_DATE
hey today now,GET_DATE
can you today quickly,GET_DATE
hey today now,GET_DATE
today,GET_DATE
can you today,GET_DATE
can you today quickly,GET_DATE
could you today please,GET_DATE
please today please,GET_DATE
please today please,GET_DATE
hey today quickly,GET_DATE
could you today now,GET_DATE
can you today please,GET_DATE
can you today,GET_DATE
please today,GET_DATE
can you today now,GET_DATE
today please,GET_DATE
can you today now,GET_DATE
can you today please,GET_DATE
please today,GET_DATE
today quickly,GET_DATE
please today please,GET_DATE
can you today please,GET_DATE
hey today now,GET_DATE
please today now,GET_DATE
today please,GET_DATE
can you today now,GET_DATE
please day,GET_DATE
hey day now,GET_DATE
please day quickly,GET_DATE
could you day quickly,GET_DATE
please day now,GET_DATE
please day now,GET_DATE
hey day please,GET_DATE
can you day,GET_DATE
please day quickly,GET_DATE
can you day quickly,GET_DATE
hey day please,GET_DATE
hey day,GET_DATE
please day please,GET_DATE
can you day please,GET_DATE
please day now,GET_DATE
hey day,GET_DATE
hey day quickly,GET_DATE
hey day quickly,GET_DATE
day please,GET_DATE
hey day please,GET_DATE
day,GET_DATE
please day,GET_DATE
can you day,GET_DATE
hey day please,GET_DATE
please day quickly,GET_DATE
hey day quickly,GET_DATE
please day now,GET_DATE
day please,GET_DATE
please day,GET_DATE
can you day quickly,GET_DATE
could you day please,GET_DATE
hey day please,GET_DATE
could you day now,GET_DATE
can you day quickly,GET_DATE
can you day quickly,GET_DATE
could you day quickly,GET_DATE
day now,GET_DATE
please day please,GET_DATE
day please,GET_DATE
hey day now,GET_DATE
day now,GET_DATE
please day now,GET_DATE
day now,GET_DATE
could you day quickly,GET_DATE
can you day please,GET_DATE
hey day,GET_DATE
can you day quickly,GET_DATE
could you day now,GET_DATE
day quickly,GET_DATE
please day please,GET_DATE
could you what is the time please,GET_TIME
what is the time quickly,GET_TIME
can you what is the time please,GET_TIME
what is the time quickly,GET_TIME
could you what is the time please,GET_TIME
can you what is the time quickly,GET_TIME
can you what is the time please,GET_TIME
can you what is the time now,GET_TIME
can you what is the time quickly,GET_TIME
please what is the time quickly,GET_TIME
could you what is the time,GET_TIME
could you what is the time now,GET_TIME
could you what is the time now,GET_TIME
could you what is the time,GET_TIME
can you what is the time now,GET_TIME
what is the time now,GET_TIME
could you what is the time,GET_TIME
please what is the time now,GET_TIME
please what is the time please,GET_TIME
hey what is the time quickly,GET_TIME
could you what is the time,GET_TIME
can you what is the time please,GET_TIME
could you what is the time quickly,GET_TIME
could you what is the time quickly,GET_TIME
please what is the time please,GET_TIME
hey what is the time now,GET_TIME
please what is the time,GET_TIME
could you what is the time quickly,GET_TIME
can you what is the time quickly,GET_TIME
could you what is the time,GET_TIME
hey what is the time now,GET_TIME
can you what is the time now,GET_TIME
hey what is the time please,GET_TIME
hey what is the time,GET_TIME
could you what is the time quickly,GET_TIME
what is the time quickly,GET_TIME
what is the time now,GET_TIME
can you what is the time now,GET_TIME
can you what is the time now,GET_TIME
could you what is the time please,GET_TIME
what is the time please,GET_TIME
can you what is the time now,GET_TIME
can you what is the time,GET_TIME
could you what is the time quickly,GET_TIME
what is the time now,GET_TIME
can you what is the time please,GET_TIME
hey what is the time please,GET_TIME
please what is the time,GET_TIME
please what is the time,GET_TIME
could you what is the time please,GET_TIME
hey tell me time,GET_TIME
hey tell me time now,GET_TIME
please tell me time quickly,GET_TIME
please tell me time now,GET_TIME
could you tell me time please,GET_TIME
could you tell me time now,GET_TIME
tell me time,GET_TIME
could you tell me time please,GET_TIME
please tell me time quickly,GET_TIME
tell me time please,GET_TIME
tell me time quickly,GET_TIME
hey tell me time please,GET_TIME
could you tell me time now,GET_TIME
can you tell me time,GET_TIME
please tell me time quickly,GET_TIME
hey tell me time,GET_TIME
tell me time quickly,GET_TIME
can you tell me time now,GET_TIME
can you tell me time quickly,GET_TIME
please tell me time quickly,GET_TIME
could you tell me time now,GET_TIME
can you tell me time quickly,GET_TIME
can you tell me time quickly,GET_TIME
hey tell me time quickly,GET_TIME
hey tell me time,GET_TIME
can you tell me time now,GET_TIME
please tell me time,GET_TIME
could you tell me time now,GET_TIME
can you tell me time quickly,GET_TIME
could you tell me time now,GET_TIME
hey tell me time,GET_TIME
please tell me time,GET_TIME
tell me time please,GET_TIME
please tell me time now,GET_TIME
tell me time,GET_TIME
tell me time now,GET_TIME
hey tell me time,GET_TIME
can you tell me time now,GET_TIME
hey tell me time please,GET_TIME
tell me time quickly,GET_TIME
could you tell me time,GET_TIME
can you tell me time,GET_TIME
could you tell me time quickly,GET_TIME
could you tell me time please,GET_TIME
tell me time,GET_TIME
hey tell me time please,GET_TIME
tell me time please,GET_TIME
please tell me time quickly,GET_TIME
please tell me time quickly,GET_TIME
can you tell me time please,GET_TIME
could you move forward now,MOVE_FORWARD
could you move forward,MOVE_FORWARD
please move forward please,MOVE_FORWARD
can you move forward,MOVE_FORWARD
can you move forward please,MOVE_FORWARD
please move forward please,MOVE_FORWARD
please move forward please,MOVE_FORWARD
hey move forward quickly,MOVE_FORWARD
could you move forward,MOVE_FORWARD
could you move forward please,MOVE_FORWARD
move forward now,MOVE_FORWARD
move forward,MOVE_FORWARD
hey move forward,MOVE_FORWARD
please move forward quickly,MOVE_FORWARD
can you move forward please,MOVE_FORWARD
please move forward quickly,MOVE_FORWARD
please move forward now,MOVE_FORWARD
could you move forward,MOVE_FORWARD
can you move forward quickly,MOVE_FORWARD
could you move forward now,MOVE_FORWARD
could you move forward quickly,MOVE_FORWARD
please move forward,MOVE_FORWARD
please move forward now,MOVE_FORWARD
move forward,MOVE_FORWARD
hey move forward,MOVE_FORWARD
hey move forward please,MOVE_FORWARD
could you move forward quickly,MOVE_FORWARD
can you move forward now,MOVE_FORWARD
can you move forward now,MOVE_FORWARD
please move forward,MOVE_FORWARD
can you move forward,MOVE_FORWARD
can you move forward please,MOVE_FORWARD
move forward now,MOVE_FORWARD
move forward please,MOVE_FORWARD
hey move forward please,MOVE_FORWARD
move forward quickly,MOVE_FORWARD
could you move forward now,MOVE_FORWARD
hey move forward now,MOVE_FORWARD
could you move forward quickly,MOVE_FORWARD
hey move forward quickly,MOVE_FORWARD
move forward quickly,MOVE_FORWARD
hey move forward,MOVE_FORWARD
move forward now,MOVE_FORWARD
could you move forward quickly,MOVE_FORWARD
hey move forward quickly,MOVE_FORWARD
please move forward,MOVE_FORWARD
please move forward now,MOVE_FORWARD
move forward now,MOVE_FORWARD
could you move forward please,MOVE_FORWARD
hey move forward,MOVE_FORWARD
could you go ahead please,MOVE_FORWARD
please go ahead please,MOVE_FORWARD
can you go ahead quickly,MOVE_FORWARD
could you go ahead quickly,MOVE_FORWARD
can you go ahead please,MOVE_FORWARD
could you go ahead quickly,MOVE_FORWARD
please go ahead quickly,MOVE_FORWARD
can you go ahead now,MOVE_FORWARD
hey go ahead please,MOVE_FORWARD
can you go ahead now,MOVE_FORWARD
can you go ahead now,MOVE_FORWARD
could you go ahead quickly,MOVE_FORWARD
could you go ahead quickly,MOVE_FORWARD
go ahead now,MOVE_FORWARD
go ahead quickly,MOVE_FORWARD
could you go ahead please,MOVE_FORWARD
could you go ahead now,MOVE_FORWARD
please go ahead please,MOVE_FORWARD
go ahead please,MOVE_FORWARD
please go ahead now,MOVE_FORWARD
could you go ahead please,MOVE_FORWARD
go ahead please,MOVE_FORWARD
could you go ahead quickly,MOVE_FORWARD
hey go ahead please,MOVE_FORWARD
please go ahead quickly,MOVE_FORWARD
hey go ahead quickly,MOVE_FORWARD
please go ahead please,MOVE_FORWARD
can you go ahead,MOVE_FORWARD
please go ahead quickly,MOVE_FORWARD
please go ahead quickly,MOVE_FORWARD
could you go ahead please,MOVE_FORWARD
please go ahead,MOVE_FORWARD
could you go ahead,MOVE_FORWARD
could you go ahead please,MOVE_FORWARD
can you go ahead please,MOVE_FORWARD
hey go ahead,MOVE_FORWARD
could you go ahead quickly,MOVE_FORWARD
could you go ahead,MOVE_FORWARD
hey go ahead please,MOVE_FORWARD
hey go ahead please,MOVE_FORWARD
please go ahead,MOVE_FORWARD
could you go ahead now,MOVE_FORWARD
please go ahead now,MOVE_FORWARD
could you go ahead please,MOVE_FORWARD
please go ahead now,MOVE_FORWARD
please go ahead please,MOVE_FORWARD
can you go ahead now,MOVE_FORWARD
could you go ahead,MOVE_FORWARD
go ahead please,MOVE_FORWARD
go ahead please,MOVE_FORWARD
hey go back,MOVE_BACKWARD
hey go back quickly,MOVE_BACKWARD
could you go back please,MOVE_BACKWARD
could you go back please,MOVE_BACKWARD
could you go back,MOVE_BACKWARD
could you go back now,MOVE_BACKWARD
can you go back please,MOVE_BACKWARD
hey go back quickly,MOVE_BACKWARD
can you go back now,MOVE_BACKWARD
hey go back quickly,MOVE_BACKWARD
could you go back now,MOVE_BACKWARD
hey go back please,MOVE_BACKWARD
please go back quickly,MOVE_BACKWARD
go back quickly,MOVE_BACKWARD
hey go back please,MOVE_BACKWARD
hey go back please,MOVE_BACKWARD
please go back please,MOVE_BACKWARD
please go back now,MOVE_BACKWARD
hey go back now,MOVE_BACKWARD
could you go back now,MOVE_BACKWARD
could you go back,MOVE_BACKWARD
can you go back quickly,MOVE_BACKWARD
hey go back,MOVE_BACKWARD
can you go back,MOVE_BACKWARD
please go back,MOVE_BACKWARD
hey go back please,MOVE_BACKWARD
can you go back please,MOVE_BACKWARD
hey go back quickly,MOVE_BACKWARD
go back please,MOVE_BACKWARD
can you go back,MOVE_BACKWARD
can you go back quickly,MOVE_BACKWARD
can you go back now,MOVE_BACKWARD
go back now,MOVE_BACKWARD
could you go back,MOVE_BACKWARD
can you go back please,MOVE_BACKWARD
can you go back now,MOVE_BACKWARD
can you go back,MOVE_BACKWARD
could you go back please,MOVE_BACKWARD
could you go back now,MOVE_BACKWARD
could you go back quickly,MOVE_BACKWARD
hey go back now,MOVE_BACKWARD
please go back now,MOVE_BACKWARD
go back,MOVE_BACKWARD
hey go back now,MOVE_BACKWARD
please go back now,MOVE_BACKWARD
go back now,MOVE_BACKWARD
hey go back quickly,MOVE_BACKWARD
hey go back,MOVE_BACKWARD
go back now,MOVE_BACKWARD
could you go back now,MOVE_BACKWARD
can you reverse now,MOVE_BACKWARD
hey reverse quickly,MOVE_BACKWARD
hey reverse now,MOVE_BACKWARD
please reverse quickly,MOVE_BACKWARD
can you reverse now,MOVE_BACKWARD
hey reverse now,MOVE_BACKWARD
could you reverse quickly,MOVE_BACKWARD
please reverse quickly,MOVE_BACKWARD
hey reverse please,MOVE_BACKWARD
could you reverse please,MOVE_BACKWARD
please reverse,MOVE_BACKWARD
reverse please,MOVE_BACKWARD
hey reverse now,MOVE_BACKWARD
please reverse,MOVE_BACKWARD
hey reverse,MOVE_BACKWARD
hey reverse,MOVE_BACKWARD
can you reverse now,MOVE_BACKWARD
please reverse,MOVE_BACKWARD
please reverse please,MOVE_BACKWARD
could you reverse quickly,MOVE_BACKWARD
hey reverse,MOVE_BACKWARD
please reverse,MOVE_BACKWARD
could you reverse quickly,MOVE_BACKWARD
can you reverse quickly,MOVE_BACKWARD
please reverse please,MOVE_BACKWARD
please reverse quickly,MOVE_BACKWARD
could you reverse quickly,MOVE_BACKWARD
can you reverse,MOVE_BACKWARD
can you reverse please,MOVE_BACKWARD
please reverse quickly,MOVE_BACKWARD
hey reverse,MOVE_BACKWARD
can you reverse now,MOVE_BACKWARD
please reverse quickly,MOVE_BACKWARD
can you reverse now,MOVE_BACKWARD
please reverse now,MOVE_BACKWARD
please reverse please,MOVE_BACKWARD
can you reverse now,MOVE_BACKWARD
could you reverse please,MOVE_BACKWARD
could you reverse now,MOVE_BACKWARD
can you reverse please,MOVE_BACKWARD
reverse,MOVE_BACKWARD
can you reverse please,MOVE_BACKWARD
please reverse,MOVE_BACKWARD
reverse quickly,MOVE_BACKWARD
reverse please,MOVE_BACKWARD
reverse now,MOVE_BACKWARD
reverse quickly,MOVE_BACKWARD
hey reverse please,MOVE_BACKWARD
please reverse please,MOVE_BACKWARD
reverse quickly,MOVE_BACKWARD
could you turn left now,TURN_LEFT
hey turn left please,TURN_LEFT
hey turn left,TURN_LEFT
hey turn left quickly,TURN_LEFT
turn left,TURN_LEFT
please turn left now,TURN_LEFT
can you turn left now,TURN_LEFT
hey turn left please,TURN_LEFT
please turn left now,TURN_LEFT
please turn left quickly,TURN_LEFT
could you turn left now,TURN_LEFT
please turn left now,TURN_LEFT
could you turn left quickly,TURN_LEFT
could you turn left now,TURN_LEFT
please turn left please,TURN_LEFT
turn left quickly,TURN_LEFT
hey turn left now,TURN_LEFT
please turn left,TURN_LEFT
can you turn left now,TURN_LEFT
can you turn left,TURN_LEFT
please turn left please,TURN_LEFT
please turn left now,TURN_LEFT
hey turn left please,TURN_LEFT
can you turn left,TURN_LEFT
turn left quickly,TURN_LEFT
could you turn left now,TURN_LEFT
turn left now,TURN_LEFT
please turn left quickly,TURN_LEFT
turn left now,TURN_LEFT
hey turn left now,TURN_LEFT
could you turn left please,TURN_LEFT
could you turn left,TURN_LEFT
please turn left now,TURN_LEFT
turn left,TURN_LEFT
please turn left now,TURN_LEFT
please turn left please,TURN_LEFT
turn left please,TURN_LEFT
please turn left,TURN_LEFT
hey turn left,TURN_LEFT
hey turn left please,TURN_LEFT
please turn left now,TURN_LEFT
hey turn left please,TURN_LEFT
can you turn left please,TURN_LEFT
hey turn left,TURN_LEFT
hey turn left,TURN_LEFT
can you turn left,TURN_LEFT
turn left now,TURN_LEFT
turn left quickly,TURN_LEFT
could you turn left now,TURN_LEFT
can you turn left quickly,TURN_LEFT
hey move to left side please,TURN_LEFT
could you move to left side,TURN_LEFT
hey move to left side quickly,TURN_LEFT
could you move to left side quickly,TURN_LEFT
can you move to left side quickly,TURN_LEFT
move to left side quickly,TURN_LEFT
could you move to left side please,TURN_LEFT
please move to left side please,TURN_LEFT
please move to left side now,TURN_LEFT
hey move to left side quickly,TURN_LEFT
can you move to left side now,TURN_LEFT
move to left side quickly,TURN_LEFT
could you move to left side,TURN_LEFT
hey move to left side,TURN_LEFT
please move to left side please,TURN_LEFT
could you move to left side please,TURN_LEFT
move to left side,TURN_LEFT
could you move to left side please,TURN_LEFT
please move to left side now,TURN_LEFT
could you move to left side now,TURN_LEFT
can you move to left side now,TURN_LEFT
move to left side please,TURN_LEFT
could you move to left side now,TURN_LEFT
hey move to left side,TURN_LEFT
move to left side quickly,TURN_LEFT
could you move to left side please,TURN_LEFT
move to left side,TURN_LEFT
can you move to left side quickly,TURN_LEFT
move to left side,TURN_LEFT
could you move to left side please,TURN_LEFT
can you move to left side quickly,TURN_LEFT
can you move to left side quickly,TURN_LEFT
could you move to left side now,TURN_LEFT
move to left side quickly,TURN_LEFT
could you move to left side quickly,TURN_LEFT
move to left side now,TURN_LEFT
move to left side now,TURN_LEFT
could you move to left side,TURN_LEFT
could you move to left side,TURN_LEFT
please move to left side quickly,TURN_LEFT
please move to left side now,TURN_LEFT
hey move to left side now,TURN_LEFT
please move to left side now,TURN_LEFT
please move to left side quickly,TURN_LEFT
hey move to left side please,TURN_LEFT
can you move to left side now,TURN_LEFT
hey move to left side now,TURN_LEFT
could you move to left side now,TURN_LEFT
could you move to left side now,TURN_LEFT
hey move to left side quickly,TURN_LEFT
could you turn right quickly,TURN_RIGHT
can you turn right quickly,TURN_RIGHT
hey turn right quickly,TURN_RIGHT
can you turn right quickly,TURN_RIGHT
turn right now,TURN_RIGHT
could you turn right now,TURN_RIGHT
could you turn right now,TURN_RIGHT
hey turn right quickly,TURN_RIGHT
could you turn right quickly,TURN_RIGHT
turn right,TURN_RIGHT
hey turn right now,TURN_RIGHT
could you turn right quickly,TURN_RIGHT
please turn right quickly,TURN_RIGHT
hey turn right,TURN_RIGHT
could you turn right please,TURN_RIGHT
can you turn right please,TURN_RIGHT
hey turn right please,TURN_RIGHT
hey turn right quickly,TURN_RIGHT
please turn right,TURN_RIGHT
can you turn right quickly,TURN_RIGHT
hey turn right please,TURN_RIGHT
could you turn right please,TURN_RIGHT
hey turn right now,TURN_RIGHT
please turn right please,TURN_RIGHT
could you turn right quickly,TURN_RIGHT
turn right quickly,TURN_RIGHT
can you turn right please,TURN_RIGHT
turn right quickly,TURN_RIGHT
can you turn right quickly,TURN_RIGHT
can you turn right,TURN_RIGHT
turn right now,TURN_RIGHT
please turn right now,TURN_RIGHT
could you turn right quickly,TURN_RIGHT
please turn right please,TURN_RIGHT
please turn right,TURN_RIGHT
hey turn right quickly,TURN_RIGHT
hey turn right,TURN_RIGHT
hey turn right please,TURN_RIGHT
please turn right,TURN_RIGHT
turn right,TURN_RIGHT
turn right quickly,TURN_RIGHT
could you turn right,TURN_RIGHT
could you turn right now,TURN_RIGHT
could you turn right now,TURN_RIGHT
could you turn right,TURN_RIGHT
can you turn right quickly,TURN_RIGHT
please turn right quickly,TURN_RIGHT
hey turn right please,TURN_RIGHT
could you turn right now,TURN_RIGHT
could you turn right now,TURN_RIGHT
move to right side quickly,TURN_RIGHT
hey move to right side quickly,TURN_RIGHT
hey move to right side please,TURN_RIGHT
could you move to right side,TURN_RIGHT
can you move to right side now,TURN_RIGHT
move to right side,TURN_RIGHT
hey move to right side please,TURN_RIGHT
could you move to right side quickly,TURN_RIGHT
move to right side please,TURN_RIGHT
can you move to right side,TURN_RIGHT
move to right side,TURN_RIGHT
can you move to right side quickly,TURN_RIGHT
could you move to right side now,TURN_RIGHT
could you move to right side,TURN_RIGHT
please move to right side please,TURN_RIGHT
move to right side quickly,TURN_RIGHT
please move to right side please,TURN_RIGHT
move to right side quickly,TURN_RIGHT
please move to right side now,TURN_RIGHT
please move to right side quickly,TURN_RIGHT
can you move to right side now,TURN_RIGHT
please move to right side quickly,TURN_RIGHT
move to right side quickly,TURN_RIGHT
hey move to right side now,TURN_RIGHT
please move to right side now,TURN_RIGHT
can you move to right side please,TURN_RIGHT
could you move to right side please,TURN_RIGHT
please move to right side please,TURN_RIGHT
move to right side,TURN_RIGHT
please move to right side please,TURN_RIGHT
hey move to right side now,TURN_RIGHT
could you move to right side please,TURN_RIGHT
hey move to right side quickly,TURN_RIGHT
please move to right side please,TURN_RIGHT
could you move to right side,TURN_RIGHT
could you move to right side quickly,TURN_RIGHT
can you move to right side now,TURN_RIGHT
could you move to right side please,TURN_RIGHT
move to right side now,TURN_RIGHT
hey move to right side please,TURN_RIGHT
move to right side now,TURN_RIGHT
could you move to right side quickly,TURN_RIGHT
can you move to right side now,TURN_RIGHT
move to right side now,TURN_RIGHT
please move to right side please,TURN_RIGHT
could you move to right side,TURN_RIGHT
can you move to right side now,TURN_RIGHT
move to right side,TURN_RIGHT
could you move to right side,TURN_RIGHT
could you move to right side,TURN_RIGHT
please stop now,STOP
stop quickly,STOP
could you stop now,STOP
please stop quickly,STOP
could you stop please,STOP
please stop please,STOP
please stop quickly,STOP
hey stop now,STOP
can you stop,STOP
please stop please,STOP
stop,STOP
stop please,STOP
hey stop,STOP
can you stop please,STOP
please stop,STOP
can you stop,STOP
could you stop now,STOP
stop please,STOP
please stop now,STOP
can you stop please,STOP
please stop now,STOP
can you stop,STOP
stop,STOP
hey stop now,STOP
can you stop now,STOP
stop please,STOP
could you stop please,STOP
could you stop,STOP
stop quickly,STOP
could you stop,STOP
please stop quickly,STOP
could you stop please,STOP
can you stop now,STOP
hey stop,STOP
can you stop now,STOP
can you stop now,STOP
stop quickly,STOP
can you stop quickly,STOP
could you stop now,STOP
hey stop please,STOP
could you stop,STOP
can you stop quickly,STOP
hey stop,STOP
could you stop,STOP
hey stop please,STOP
stop now,STOP
hey stop,STOP
hey stop now,STOP
stop now,STOP
please stop quickly,STOP
hey halt,STOP
hey halt now,STOP
halt please,STOP
could you halt,STOP
can you halt,STOP
hey halt,STOP
could you halt now,STOP
halt quickly,STOP
hey halt,STOP
could you halt now,STOP
can you halt now,STOP
could you halt please,STOP
could you halt please,STOP
could you halt now,STOP
halt quickly,STOP
halt,STOP
please halt,STOP
can you halt,STOP
could you halt please,STOP
please halt,STOP
halt quickly,STOP
halt please,STOP
halt now,STOP
could you halt,STOP
hey halt quickly,STOP
could you halt now,STOP
hey halt now,STOP
can you halt now,STOP
please halt now,STOP
hey halt please,STOP
halt quickly,STOP
hey halt quickly,STOP
can you halt now,STOP
can you halt,STOP
halt now,STOP
could you halt quickly,STOP
can you halt now,STOP
hey halt please,STOP
could you halt now,STOP
can you halt please,STOP
please halt now,STOP
can you halt quickly,STOP
can you halt please,STOP
halt,STOP
can you halt now,STOP
hey halt,STOP
hey halt now,STOP
halt now,STOP
please halt,STOP
halt quickly,STOP
can you set reminder,SET_REMINDER
could you set reminder,SET_REMINDER
could you set reminder,SET_REMINDER
set reminder quickly,SET_REMINDER
could you set reminder,SET_REMINDER
can you set reminder,SET_REMINDER
could you set reminder now,SET_REMINDER
could you set reminder,SET_REMINDER
could you set reminder please,SET_REMINDER
please set reminder,SET_REMINDER
set reminder please,SET_REMINDER
hey set reminder quickly,SET_REMINDER
set reminder,SET_REMINDER
hey set reminder now,SET_REMINDER
please set reminder now,SET_REMINDER
hey set reminder,SET_REMINDER
set reminder now,SET_REMINDER
please set reminder please,SET_REMINDER
set reminder please,SET_REMINDER
hey set reminder,SET_REMINDER
please set reminder quickly,SET_REMINDER
please set reminder,SET_REMINDER
hey set reminder quickly,SET_REMINDER
hey set reminder now,SET_REMINDER
please set reminder please,SET_REMINDER
set reminder quickly,SET_REMINDER
set reminder quickly,SET_REMINDER
set reminder,SET_REMINDER
set reminder now,SET_REMINDER
set reminder please,SET_REMINDER
set reminder quickly,SET_REMINDER
please set reminder,SET_REMINDER
hey set reminder quickly,SET_REMINDER
set reminder now,SET_REMINDER
hey set reminder now,SET_REMINDER
could you set reminder,SET_REMINDER
hey set reminder quickly,SET_REMINDER
please set reminder,SET_REMINDER
please set reminder quickly,SET_REMINDER
please set reminder quickly,SET_REMINDER
set reminder now,SET_REMINDER
hey set reminder please,SET_REMINDER
hey set reminder,SET_REMINDER
hey set reminder,SET_REMINDER
can you set reminder now,SET_REMINDER
set reminder now,SET_REMINDER
can you set reminder quickly,SET_REMINDER
can you set reminder now,SET_REMINDER
please set reminder,SET_REMINDER
could you set reminder please,SET_REMINDER
hey remind me to take medicine quickly,SET_REMINDER
could you remind me to take medicine quickly,SET_REMINDER
hey remind me to take medicine please,SET_REMINDER
hey remind me to take medicine now,SET_REMINDER
hey remind me to take medicine quickly,SET_REMINDER
hey remind me to take medicine now,SET_REMINDER
can you remind me to take medicine now,SET_REMINDER
remind me to take medicine,SET_REMINDER
can you remind me to take medicine please,SET_REMINDER
please remind me to take medicine now,SET_REMINDER
remind me to take medicine,SET_REMINDER
hey remind me to take medicine quickly,SET_REMINDER
can you remind me to take medicine quickly,SET_REMINDER
could you remind me to take medicine now,SET_REMINDER
remind me to take medicine quickly,SET_REMINDER
hey remind me to take medicine,SET_REMINDER
can you remind me to take medicine,SET_REMINDER
remind me to take medicine now,SET_REMINDER
please remind me to take medicine,SET_REMINDER
can you remind me to take medicine please,SET_REMINDER
could you remind me to take medicine please,SET_REMINDER
remind me to take medicine please,SET_REMINDER
please remind me to take medicine now,SET_REMINDER
remind me to take medicine please,SET_REMINDER
please remind me to take medicine now,SET_REMINDER
could you remind me to take medicine quickly,SET_REMINDER
can you remind me to take medicine please,SET_REMINDER
remind me to take medicine now,SET_REMINDER
please remind me to take medicine,SET_REMINDER
could you remind me to take medicine please,SET_REMINDER
could you remind me to take medicine please,SET_REMINDER
could you remind me to take medicine now,SET_REMINDER
hey remind me to take medicine please,SET_REMINDER
please remind me to take medicine,SET_REMINDER
could you remind me to take medicine quickly,SET_REMINDER
please remind me to take medicine please,SET_REMINDER
can you remind me to take medicine now,SET_REMINDER
remind me to take medicine please,SET_REMINDER
hey remind me to take medicine please,SET_REMINDER
remind me to take medicine quickly,SET_REMINDER
please remind me to take medicine now,SET_REMINDER
please remind me to take medicine now,SET_REMINDER
hey remind me to take medicine please,SET_REMINDER
can you remind me to take medicine please,SET_REMINDER
remind me to take medicine now,SET_REMINDER
please remind me to take medicine,SET_REMINDER
please remind me to take medicine now,SET_REMINDER
please remind me to take medicine,SET_REMINDER
please remind me to take medicine,SET_REMINDER
hey remind me to take medicine quickly,SET_REMINDER
set alarm now,SET_REMINDER
can you set alarm now,SET_REMINDER
could you set alarm quickly,SET_REMINDER
set alarm quickly,SET_REMINDER
set alarm,SET_REMINDER
please set alarm,SET_REMINDER
could you set alarm please,SET_REMINDER
hey set alarm please,SET_REMINDER
hey set alarm now,SET_REMINDER
please set alarm quickly,SET_REMINDER
can you set alarm please,SET_REMINDER
can you set alarm,SET_REMINDER
could you set alarm quickly,SET_REMINDER
set alarm please,SET_REMINDER
hey set alarm please,SET_REMINDER
set alarm now,SET_REMINDER
hey set alarm quickly,SET_REMINDER
set alarm,SET_REMINDER
can you set alarm please,SET_REMINDER
set alarm,SET_REMINDER
could you set alarm now,SET_REMINDER
can you set alarm quickly,SET_REMINDER
can you set alarm quickly,SET_REMINDER
set alarm now,SET_REMINDER
hey set alarm now,SET_REMINDER
set alarm,SET_REMINDER
can you set alarm now,SET_REMINDER
could you set alarm please,SET_REMINDER
please set alarm now,SET_REMINDER
please set alarm now,SET_REMINDER
hey set alarm quickly,SET_REMINDER
hey set alarm now,SET_REMINDER
can you set alarm now,SET_REMINDER
hey set alarm quickly,SET_REMINDER
please set alarm,SET_REMINDER
can you set alarm please,SET_REMINDER
can you set alarm now,SET_REMINDER
hey set alarm,SET_REMINDER
hey set alarm now,SET_REMINDER
hey set alarm now,SET_REMINDER
hey set alarm quickly,SET_REMINDER
can you set alarm please,SET_REMINDER
could you set alarm,SET_REMINDER
set alarm please,SET_REMINDER
could you set alarm,SET_REMINDER
hey set alarm quickly,SET_REMINDER
can you set alarm quickly,SET_REMINDER
could you set alarm now,SET_REMINDER
hey set alarm quickly,SET_REMINDER
please set alarm quickly,SET_REMINDER
hey medicine time,SET_REMINDER
medicine time,SET_REMINDER
hey medicine time please,SET_REMINDER
could you medicine time,SET_REMINDER
can you medicine time quickly,SET_REMINDER
could you medicine time,SET_REMINDER
hey medicine time,SET_REMINDER
can you medicine time quickly,SET_REMINDER
hey medicine time,SET_REMINDER
could you medicine time now,SET_REMINDER
medicine time please,SET_REMINDER
hey medicine time,SET_REMINDER
can you medicine time please,SET_REMINDER
medicine time please,SET_REMINDER
medicine time now,SET_REMINDER
medicine time quickly,SET_REMINDER
could you medicine time please,SET_REMINDER
could you medicine time now,SET_REMINDER
please medicine time now,SET_REMINDER
hey medicine time now,SET_REMINDER
can you medicine time,SET_REMINDER
can you medicine time now,SET_REMINDER
can you medicine time,SET_REMINDER
please medicine time quickly,SET_REMINDER
hey medicine time please,SET_REMINDER
could you medicine time now,SET_REMINDER
please medicine time quickly,SET_REMINDER
hey medicine time quickly,SET_REMINDER
can you medicine time quickly,SET_REMINDER
please medicine time quickly,SET_REMINDER
could you medicine time quickly,SET_REMINDER
medicine time please,SET_REMINDER
could you medicine time now,SET_REMINDER
please medicine time please,SET_REMINDER
please medicine time quickly,SET_REMINDER
could you medicine time now,SET_REMINDER
could you medicine time quickly,SET_REMINDER
hey medicine time please,SET_REMINDER
please medicine time now,SET_REMINDER
medicine time,SET_REMINDER
could you medicine time now,SET_REMINDER
please medicine time please,SET_REMINDER
hey medicine time now,SET_REMINDER
could you medicine time please,SET_REMINDER
medicine time quickly,SET_REMINDER
please medicine time please,SET_REMINDER
can you medicine time now,SET_REMINDER
could you medicine time quickly,SET_REMINDER
could you medicine time now,SET_REMINDER
medicine time,SET_REMINDER
can you take my medicine now,SET_REMINDER
can you take my medicine now,SET_REMINDER
can you take my medicine,SET_REMINDER
please take my medicine now,SET_REMINDER
please take my medicine,SET_REMINDER
take my medicine please,SET_REMINDER
could you take my medicine now,SET_REMINDER
could you take my medicine please,SET_REMINDER
please take my medicine,SET_REMINDER
hey take my medicine quickly,SET_REMINDER
can you take my medicine now,SET_REMINDER
can you take my medicine now,SET_REMINDER
please take my medicine now,SET_REMINDER
hey take my medicine,SET_REMINDER
take my medicine please,SET_REMINDER
please take my medicine,SET_REMINDER
can you take my medicine now,SET_REMINDER
can you take my medicine,SET_REMINDER
please take my medicine please,SET_REMINDER
hey take my medicine,SET_REMINDER
could you take my medicine now,SET_REMINDER
hey take my medicine now,SET_REMINDER
take my medicine now,SET_REMINDER
take my medicine please,SET_REMINDER
please take my medicine quickly,SET_REMINDER
can you take my medicine,SET_REMINDER
please take my medicine quickly,SET_REMINDER
please take my medicine quickly,SET_REMINDER
take my medicine now,SET_REMINDER
please take my medicine quickly,SET_REMINDER
could you take my medicine please,SET_REMINDER
can you take my medicine please,SET_REMINDER
take my medicine please,SET_REMINDER
could you take my medicine quickly,SET_REMINDER
hey take my medicine now,SET_REMINDER
could you take my medicine now,SET_REMINDER
hey take my medicine,SET_REMINDER
could you take my medicine,SET_REMINDER
hey take my medicine,SET_REMINDER
can you take my medicine now,SET_REMINDER
can you take my medicine,SET_REMINDER
hey take my medicine,SET_REMINDER
can you take my medicine now,SET_REMINDER
can you take my medicine,SET_REMINDER
take my medicine now,SET_REMINDER
can you take my medicine now,SET_REMINDER
take my medicine please,SET_REMINDER
could you take my medicine quickly,SET_REMINDER
take my medicine now,SET_REMINDER
could you take my medicine quickly,SET_REMINDER
what is my schedule please,SET_REMINDER
could you what is my schedule,SET_REMINDER
could you what is my schedule please,SET_REMINDER
what is my schedule quickly,SET_REMINDER
please what is my schedule,SET_REMINDER
please what is my schedule please,SET_REMINDER
can you what is my schedule quickly,SET_REMINDER
could you what is my schedule now,SET_REMINDER
hey what is my schedule now,SET_REMINDER
please what is my schedule,SET_REMINDER
please what is my schedule,SET_REMINDER
what is my schedule,SET_REMINDER
please what is my schedule please,SET_REMINDER
please what is my schedule now,SET_REMINDER
please what is my schedule now,SET_REMINDER
can you what is my schedule quickly,SET_REMINDER
what is my schedule,SET_REMINDER
can you what is my schedule please,SET_REMINDER
please what is my schedule,SET_REMINDER
please what is my schedule quickly,SET_REMINDER
please what is my schedule quickly,SET_REMINDER
please what is my schedule,SET_REMINDER
could you what is my schedule,SET_REMINDER
please what is my schedule,SET_REMINDER
hey what is my schedule quickly,SET_REMINDER
could you what is my schedule quickly,SET_REMINDER
what is my schedule please,SET_REMINDER
could you what is my schedule,SET_REMINDER
could you what is my schedule please,SET_REMINDER
hey what is my schedule now,SET_REMINDER
could you what is my schedule,SET_REMINDER
please what is my schedule quickly,SET_REMINDER
please what is my schedule,SET_REMINDER
what is my schedule,SET_REMINDER
could you what is my schedule,SET_REMINDER
hey what is my schedule please,SET_REMINDER
could you what is my schedule please,SET_REMINDER
what is my schedule now,SET_REMINDER
hey what is my schedule quickly,SET_REMINDER
can you what is my schedule,SET_REMINDER
hey what is my schedule now,SET_REMINDER
what is my schedule quickly,SET_REMINDER
could you what is my schedule please,SET_REMINDER
what is my schedule now,SET_REMINDER
can you what is my schedule,SET_REMINDER
please what is my schedule now,SET_REMINDER
hey what is my schedule,SET_REMINDER
could you what is my schedule quickly,SET_REMINDER
what is my schedule now,SET_REMINDER
hey what is my schedule now,SET_REMINDER
can you today plan please,SET_REMINDER
please today plan please,SET_REMINDER
today plan,SET_REMINDER
can you today plan,SET_REMINDER
please today plan please,SET_REMINDER
hey today plan quickly,SET_REMINDER
can you today plan,SET_REMINDER
could you today plan quickly,SET_REMINDER
please today plan quickly,SET_REMINDER
could you today plan,SET_REMINDER
could you today plan quickly,SET_REMINDER
could you today plan now,SET_REMINDER
please today plan,SET_REMINDER
today plan now,SET_REMINDER
today plan please,SET_REMINDER
please today plan quickly,SET_REMINDER
can you today plan now,SET_REMINDER
please today plan,SET_REMINDER
please today plan now,SET_REMINDER
please today plan,SET_REMINDER
please today plan,SET_REMINDER
can you today plan now,SET_REMINDER
today plan,SET_REMINDER
could you today plan,SET_REMINDER
hey today plan quickly,SET_REMINDER
please today plan,SET_REMINDER
please today plan now,SET_REMINDER
hey today plan please,SET_REMINDER
can you today plan please,SET_REMINDER
please today plan quickly,SET_REMINDER
can you today plan now,SET_REMINDER
please today plan please,SET_REMINDER
can you today plan please,SET_REMINDER
hey today plan now,SET_REMINDER
hey today plan quickly,SET_REMINDER
today plan quickly,SET_REMINDER
today plan now,SET_REMINDER
can you today plan now,SET_REMINDER
today plan now,SET_REMINDER
today plan quickly,SET_REMINDER
please today plan quickly,SET_REMINDER
today plan please,SET_REMINDER
could you today plan now,SET_REMINDER
please today plan please,SET_REMINDER
can you today plan please,SET_REMINDER
please today plan now,SET_REMINDER
could you today plan quickly,SET_REMINDER
could you today plan now,SET_REMINDER
please today plan quickly,SET_REMINDER
can you today plan quickly,SET_REMINDER
hey set timer now,SET_REMINDER
can you set timer,SET_REMINDER
set timer quickly,SET_REMINDER
hey set timer please,SET_REMINDER
please set timer,SET_REMINDER
could you set timer,SET_REMINDER
could you set timer now,SET_REMINDER
set timer,SET_REMINDER
hey set timer,SET_REMINDER
hey set timer now,SET_REMINDER
set timer now,SET_REMINDER
can you set timer quickly,SET_REMINDER
please set timer,SET_REMINDER
set timer,SET_REMINDER
please set timer quickly,SET_REMINDER
could you set timer please,SET_REMINDER
set timer please,SET_REMINDER
hey set timer,SET_REMINDER
hey set timer,SET_REMINDER
hey set timer now,SET_REMINDER
please set timer please,SET_REMINDER
hey set timer please,SET_REMINDER
set timer quickly,SET_REMINDER
could you set timer now,SET_REMINDER
set timer please,SET_REMINDER
set timer now,SET_REMINDER
can you set timer please,SET_REMINDER
set timer now,SET_REMINDER
please set timer quickly,SET_REMINDER
can you set timer,SET_REMINDER
can you set timer please,SET_REMINDER
could you set timer,SET_REMINDER
please set timer,SET_REMINDER
hey set timer now,SET_REMINDER
can you set timer,SET_REMINDER
set timer,SET_REMINDER
please set timer please,SET_REMINDER
can you set timer now,SET_REMINDER
please set timer,SET_REMINDER
set timer now,SET_REMINDER
set timer quickly,SET_REMINDER
please set timer now,SET_REMINDER
set timer now,SET_REMINDER
set timer please,SET_REMINDER
can you set timer please,SET_REMINDER
please set timer please,SET_REMINDER
can you set timer quickly,SET_REMINDER
hey set timer,SET_REMINDER
could you set timer quickly,SET_REMINDER
hey set timer,SET_REMINDER
start timer,SET_REMINDER
can you start timer,SET_REMINDER
please start timer quickly,SET_REMINDER
start timer,SET_REMINDER
hey start timer now,SET_REMINDER
can you start timer now,SET_REMINDER
hey start timer please,SET_REMINDER
could you start timer quickly,SET_REMINDER
hey start timer quickly,SET_REMINDER
hey start timer,SET_REMINDER
could you start timer quickly,SET_REMINDER
start timer,SET_REMINDER
start timer quickly,SET_REMINDER
can you start timer quickly,SET_REMINDER
could you start timer now,SET_REMINDER
please start timer,SET_REMINDER
start timer now,SET_REMINDER
could you start timer,SET_REMINDER
start timer please,SET_REMINDER
could you start timer now,SET_REMINDER
start timer quickly,SET_REMINDER
could you start timer,SET_REMINDER
could you start timer please,SET_REMINDER
start timer now,SET_REMINDER
hey start timer,SET_REMINDER
start timer please,SET_REMINDER
please start timer,SET_REMINDER
please start timer quickly,SET_REMINDER
please start timer quickly,SET_REMINDER
please start timer please,SET_REMINDER
start timer please,SET_REMINDER
can you start timer now,SET_REMINDER
start timer please,SET_REMINDER
please start timer now,SET_REMINDER
could you start timer please,SET_REMINDER
could you start timer,SET_REMINDER
hey start timer quickly,SET_REMINDER
could you start timer quickly,SET_REMINDER
can you start timer please,SET_REMINDER
could you start timer,SET_REMINDER
can you start timer quickly,SET_REMINDER
please start timer,SET_REMINDER
can you start timer quickly,SET_REMINDER
can you start timer now,SET_REMINDER
could you start timer,SET_REMINDER
start timer,SET_REMINDER
start timer please,SET_REMINDER
hey start timer,SET_REMINDER
could you start timer now,SET_REMINDER
can you start timer,SET_REMINDER
can you i feel sad quickly,EMOTION_CHECK
could you i feel sad now,EMOTION_CHECK
i feel sad quickly,EMOTION_CHECK
can you i feel sad,EMOTION_CHECK
please i feel sad now,EMOTION_CHECK
i feel sad quickly,EMOTION_CHECK
please i feel sad now,EMOTION_CHECK
i feel sad now,EMOTION_CHECK
please i feel sad quickly,EMOTION_CHECK
could you i feel sad please,EMOTION_CHECK
please i feel sad now,EMOTION_CHECK
could you i feel sad,EMOTION_CHECK
could you i feel sad now,EMOTION_CHECK
can you i feel sad,EMOTION_CHECK
hey i feel sad,EMOTION_CHECK
hey i feel sad,EMOTION_CHECK
i feel sad now,EMOTION_CHECK
can you i feel sad now,EMOTION_CHECK
could you i feel sad please,EMOTION_CHECK
hey i feel sad quickly,EMOTION_CHECK
please i feel sad,EMOTION_CHECK
please i feel sad,EMOTION_CHECK
hey i feel sad quickly,EMOTION_CHECK
could you i feel sad,EMOTION_CHECK
hey i feel sad now,EMOTION_CHECK
hey i feel sad,EMOTION_CHECK
i feel sad please,EMOTION_CHECK
can you i feel sad,EMOTION_CHECK
hey i feel sad now,EMOTION_CHECK
i feel sad now,EMOTION_CHECK
can you i feel sad,EMOTION_CHECK
hey i feel sad now,EMOTION_CHECK
please i feel sad now,EMOTION_CHECK
can you i feel sad now,EMOTION_CHECK
can you i feel sad,EMOTION_CHECK
hey i feel sad,EMOTION_CHECK
please i feel sad,EMOTION_CHECK
can you i feel sad please,EMOTION_CHECK
can you i feel sad now,EMOTION_CHECK
can you i feel sad please,EMOTION_CHECK
could you i feel sad now,EMOTION_CHECK
please i feel sad please,EMOTION_CHECK
could you i feel sad quickly,EMOTION_CHECK
can you i feel sad,EMOTION_CHECK
please i feel sad please,EMOTION_CHECK
can you i feel sad now,EMOTION_CHECK
can you i feel sad quickly,EMOTION_CHECK
i feel sad quickly,EMOTION_CHECK
i feel sad quickly,EMOTION_CHECK
hey i feel sad now,EMOTION_CHECK
can you i am stressed,EMOTION_CHECK
i am stressed now,EMOTION_CHECK
please i am stressed please,EMOTION_CHECK
please i am stressed quickly,EMOTION_CHECK
i am stressed quickly,EMOTION_CHECK
please i am stressed,EMOTION_CHECK
can you i am stressed quickly,EMOTION_CHECK
could you i am stressed,EMOTION_CHECK
i am stressed,EMOTION_CHECK
i am stressed quickly,EMOTION_CHECK
i am stressed quickly,EMOTION_CHECK
please i am stressed now,EMOTION_CHECK
could you i am stressed please,EMOTION_CHECK
hey i am stressed,EMOTION_CHECK
can you i am stressed,EMOTION_CHECK
please i am stressed,EMOTION_CHECK
hey i am stressed quickly,EMOTION_CHECK
i am stressed please,EMOTION_CHECK
please i am stressed quickly,EMOTION_CHECK
please i am stressed please,EMOTION_CHECK
could you i am stressed quickly,EMOTION_CHECK
i am stressed quickly,EMOTION_CHECK
can you i am stressed now,EMOTION_CHECK
could you i am stressed please,EMOTION_CHECK
hey i am stressed now,EMOTION_CHECK
can you i am stressed,EMOTION_CHECK
can you i am stressed,EMOTION_CHECK
please i am stressed,EMOTION_CHECK
hey i am stressed please,EMOTION_CHECK
please i am stressed now,EMOTION_CHECK
could you i am stressed please,EMOTION_CHECK
could you i am stressed quickly,EMOTION_CHECK
can you i am stressed,EMOTION_CHECK
hey i am stressed,EMOTION_CHECK
can you i am stressed now,EMOTION_CHECK
i am stressed,EMOTION_CHECK
can you i am stressed now,EMOTION_CHECK
can you i am stressed please,EMOTION_CHECK
please i am stressed quickly,EMOTION_CHECK
could you i am stressed,EMOTION_CHECK
i am stressed please,EMOTION_CHECK
could you i am stressed quickly,EMOTION_CHECK
can you i am stressed,EMOTION_CHECK
can you i am stressed quickly,EMOTION_CHECK
i am stressed quickly,EMOTION_CHECK
please i am stressed quickly,EMOTION_CHECK
could you i am stressed please,EMOTION_CHECK
can you i am stressed please,EMOTION_CHECK
could you i am stressed,EMOTION_CHECK
i am stressed please,EMOTION_CHECK
i feel lonely quickly,EMOTION_CHECK
can you i feel lonely please,EMOTION_CHECK
can you i feel lonely now,EMOTION_CHECK
i feel lonely,EMOTION_CHECK
i feel lonely,EMOTION_CHECK
please i feel lonely,EMOTION_CHECK
hey i feel lonely now,EMOTION_CHECK
i feel lonely quickly,EMOTION_CHECK
please i feel lonely quickly,EMOTION_CHECK
i feel lonely please,EMOTION_CHECK
could you i feel lonely quickly,EMOTION_CHECK
please i feel lonely,EMOTION_CHECK
could you i feel lonely quickly,EMOTION_CHECK
can you i feel lonely,EMOTION_CHECK
can you i feel lonely please,EMOTION_CHECK
hey i feel lonely now,EMOTION_CHECK
please i feel lonely quickly,EMOTION_CHECK
can you i feel lonely now,EMOTION_CHECK
i feel lonely now,EMOTION_CHECK
hey i feel lonely quickly,EMOTION_CHECK
i feel lonely,EMOTION_CHECK
can you i feel lonely,EMOTION_CHECK
can you i feel lonely quickly,EMOTION_CHECK
please i feel lonely,EMOTION_CHECK
i feel lonely please,EMOTION_CHECK
i feel lonely,EMOTION_CHECK
hey i feel lonely please,EMOTION_CHECK
can you i feel lonely quickly,EMOTION_CHECK
could you i feel lonely,EMOTION_CHECK
i feel lonely quickly,EMOTION_CHECK
hey i feel lonely now,EMOTION_CHECK
please i feel lonely please,EMOTION_CHECK
could you i feel lonely,EMOTION_CHECK
hey i feel lonely now,EMOTION_CHECK
could you i feel lonely please,EMOTION_CHECK
could you i feel lonely quickly,EMOTION_CHECK
could you i feel lonely please,EMOTION_CHECK
hey i feel lonely now,EMOTION_CHECK
could you i feel lonely quickly,EMOTION_CHECK
please i feel lonely now,EMOTION_CHECK
could you i feel lonely quickly,EMOTION_CHECK
i feel lonely,EMOTION_CHECK
could you i feel lonely,EMOTION_CHECK
can you i feel lonely please,EMOTION_CHECK
hey i feel lonely please,EMOTION_CHECK
could you i feel lonely now,EMOTION_CHECK
can you i feel lonely quickly,EMOTION_CHECK
please i feel lonely quickly,EMOTION_CHECK
please i feel lonely now,EMOTION_CHECK
please i feel lonely now,EMOTION_CHECK
please i am happy now,EMOTION_CHECK
please i am happy now,EMOTION_CHECK
hey i am happy now,EMOTION_CHECK
could you i am happy quickly,EMOTION_CHECK
could you i am happy please,EMOTION_CHECK
can you i am happy quickly,EMOTION_CHECK
please i am happy please,EMOTION_CHECK
can you i am happy now,EMOTION_CHECK
can you i am happy please,EMOTION_CHECK
hey i am happy quickly,EMOTION_CHECK
can you i am happy now,EMOTION_CHECK
could you i am happy please,EMOTION_CHECK
can you i am happy,EMOTION_CHECK
hey i am happy,EMOTION_CHECK
can you i am happy please,EMOTION_CHECK
could you i am happy please,EMOTION_CHECK
can you i am happy now,EMOTION_CHECK
could you i am happy quickly,EMOTION_CHECK
hey i am happy now,EMOTION_CHECK
i am happy quickly,EMOTION_CHECK
i am happy now,EMOTION_CHECK
hey i am happy,EMOTION_CHECK
please i am happy now,EMOTION_CHECK
i am happy now,EMOTION_CHECK
can you i am happy quickly,EMOTION_CHECK
hey i am happy,EMOTION_CHECK
i am happy,EMOTION_CHECK
please i am happy,EMOTION_CHECK
hey i am happy,EMOTION_CHECK
i am happy,EMOTION_CHECK
i am happy,EMOTION_CHECK
please i am happy please,EMOTION_CHECK
can you i am happy,EMOTION_CHECK
hey i am happy please,EMOTION_CHECK
hey i am happy please,EMOTION_CHECK
please i am happy quickly,EMOTION_CHECK
could you i am happy please,EMOTION_CHECK
please i am happy now,EMOTION_CHECK
hey i am happy quickly,EMOTION_CHECK
please i am happy,EMOTION_CHECK
i am happy please,EMOTION_CHECK
please i am happy now,EMOTION_CHECK
can you i am happy,EMOTION_CHECK
i am happy please,EMOTION_CHECK
could you i am happy please,EMOTION_CHECK
please i am happy now,EMOTION_CHECK
can you i am happy now,EMOTION_CHECK
can you i am happy,EMOTION_CHECK
can you i am happy now,EMOTION_CHECK
hey i am happy please,EMOTION_CHECK
hey i feel good quickly,EMOTION_CHECK
i feel good please,EMOTION_CHECK
could you i feel good now,EMOTION_CHECK
please i feel good quickly,EMOTION_CHECK
i feel good please,EMOTION_CHECK
i feel good please,EMOTION_CHECK
hey i feel good now,EMOTION_CHECK
could you i feel good,EMOTION_CHECK
can you i feel good now,EMOTION_CHECK
hey i feel good quickly,EMOTION_CHECK
can you i feel good,EMOTION_CHECK
i feel good now,EMOTION_CHECK
can you i feel good,EMOTION_CHECK
can you i feel good quickly,EMOTION_CHECK
i feel good,EMOTION_CHECK
i feel good now,EMOTION_CHECK
please i feel good please,EMOTION_CHECK
please i feel good quickly,EMOTION_CHECK
could you i feel good please,EMOTION_CHECK
hey i feel good please,EMOTION_CHECK
please i feel good,EMOTION_CHECK
i feel good please,EMOTION_CHECK
please i feel good,EMOTION_CHECK
hey i feel good please,EMOTION_CHECK
please i feel good,EMOTION_CHECK
hey i feel good,EMOTION_CHECK
can you i feel good please,EMOTION_CHECK
i feel good,EMOTION_CHECK
can you i feel good quickly,EMOTION_CHECK
hey i feel good please,EMOTION_CHECK
can you i feel good please,EMOTION_CHECK
can you i feel good,EMOTION_CHECK
hey i feel good,EMOTION_CHECK
i feel good,EMOTION_CHECK
could you i feel good quickly,EMOTION_CHECK
could you i feel good now,EMOTION_CHECK
please i feel good now,EMOTION_CHECK
can you i feel good please,EMOTION_CHECK
hey i feel good quickly,EMOTION_CHECK
i feel good please,EMOTION_CHECK
could you i feel good now,EMOTION_CHECK
hey i feel good,EMOTION_CHECK
hey i feel good,EMOTION_CHECK
can you i feel good please,EMOTION_CHECK
please i feel good,EMOTION_CHECK
hey i feel good quickly,EMOTION_CHECK
i feel good quickly,EMOTION_CHECK
hey i feel good now,EMOTION_CHECK
i feel good,EMOTION_CHECK
can you i feel good please,EMOTION_CHECK
hey motivate me,EMOTION_CHECK
motivate me now,EMOTION_CHECK
could you motivate me,EMOTION_CHECK
can you motivate me please,EMOTION_CHECK
please motivate me,EMOTION_CHECK
please motivate me,EMOTION_CHECK
hey motivate me please,EMOTION_CHECK
could you motivate me now,EMOTION_CHECK
hey motivate me,EMOTION_CHECK
can you motivate me,EMOTION_CHECK
please motivate me please,EMOTION_CHECK
could you motivate me now,EMOTION_CHECK
motivate me now,EMOTION_CHECK
could you motivate me quickly,EMOTION_CHECK
please motivate me please,EMOTION_CHECK
please motivate me please,EMOTION_CHECK
please motivate me please,EMOTION_CHECK
can you motivate me now,EMOTION_CHECK
please motivate me,EMOTION_CHECK
please motivate me please,EMOTION_CHECK
motivate me,EMOTION_CHECK
could you motivate me now,EMOTION_CHECK
can you motivate me quickly,EMOTION_CHECK
hey motivate me quickly,EMOTION_CHECK
please motivate me please,EMOTION_CHECK
hey motivate me please,EMOTION_CHECK
hey motivate me quickly,EMOTION_CHECK
can you motivate me,EMOTION_CHECK
please motivate me now,EMOTION_CHECK
could you motivate me now,EMOTION_CHECK
motivate me now,EMOTION_CHECK
can you motivate me now,EMOTION_CHECK
motivate me please,EMOTION_CHECK
please motivate me quickly,EMOTION_CHECK
hey motivate me please,EMOTION_CHECK
hey motivate me,EMOTION_CHECK
motivate me now,EMOTION_CHECK
please motivate me now,EMOTION_CHECK
please motivate me,EMOTION_CHECK
could you motivate me quickly,EMOTION_CHECK
motivate me please,EMOTION_CHECK
could you motivate me please,EMOTION_CHECK
could you motivate me now,EMOTION_CHECK
could you motivate me please,EMOTION_CHECK
hey motivate me quickly,EMOTION_CHECK
please motivate me quickly,EMOTION_CHECK
can you motivate me please,EMOTION_CHECK
please motivate me,EMOTION_CHECK
motivate me quickly,EMOTION_CHECK
please motivate me now,EMOTION_CHECK
say something nice now,EMOTION_CHECK
could you say something nice,EMOTION_CHECK
can you say something nice please,EMOTION_CHECK
can you say something nice please,EMOTION_CHECK
could you say something nice now,EMOTION_CHECK
say something nice please,EMOTION_CHECK
could you say something nice,EMOTION_CHECK
say something nice quickly,EMOTION_CHECK
hey say something nice please,EMOTION_CHECK
can you say something nice quickly,EMOTION_CHECK
say something nice please,EMOTION_CHECK
say something nice now,EMOTION_CHECK
could you say something nice now,EMOTION_CHECK
please say something nice quickly,EMOTION_CHECK
say something nice please,EMOTION_CHECK
can you say something nice now,EMOTION_CHECK
can you say something nice quickly,EMOTION_CHECK
hey say something nice quickly,EMOTION_CHECK
hey say something nice quickly,EMOTION_CHECK
hey say something nice quickly,EMOTION_CHECK
say something nice,EMOTION_CHECK
say something nice,EMOTION_CHECK
please say something nice now,EMOTION_CHECK
please say something nice please,EMOTION_CHECK
say something nice now,EMOTION_CHECK
could you say something nice now,EMOTION_CHECK
please say something nice quickly,EMOTION_CHECK
hey say something nice,EMOTION_CHECK
hey say something nice,EMOTION_CHECK
say something nice please,EMOTION_CHECK
hey say something nice quickly,EMOTION_CHECK
could you say something nice please,EMOTION_CHECK
hey say something nice now,EMOTION_CHECK
say something nice quickly,EMOTION_CHECK
please say something nice quickly,EMOTION_CHECK
please say something nice now,EMOTION_CHECK
hey say something nice,EMOTION_CHECK
could you say something nice,EMOTION_CHECK
could you say something nice quickly,EMOTION_CHECK
could you say something nice now,EMOTION_CHECK
could you say something nice quickly,EMOTION_CHECK
can you say something nice,EMOTION_CHECK
say something nice,EMOTION_CHECK
hey say something nice quickly,EMOTION_CHECK
say something nice quickly,EMOTION_CHECK
can you say something nice now,EMOTION_CHECK
say something nice,EMOTION_CHECK
could you say something nice please,EMOTION_CHECK
please say something nice now,EMOTION_CHECK
say something nice,EMOTION_CHECK
could you help me quickly,EMERGENCY_HELP
help me,EMERGENCY_HELP
please help me,EMERGENCY_HELP
help me,EMERGENCY_HELP
could you help me please,EMERGENCY_HELP
please help me now,EMERGENCY_HELP
help me,EMERGENCY_HELP
please help me,EMERGENCY_HELP
hey help me quickly,EMERGENCY_HELP
could you help me quickly,EMERGENCY_HELP
hey help me,EMERGENCY_HELP
help me,EMERGENCY_HELP
could you help me,EMERGENCY_HELP
could you help me please,EMERGENCY_HELP
help me now,EMERGENCY_HELP
can you help me now,EMERGENCY_HELP
could you help me please,EMERGENCY_HELP
help me,EMERGENCY_HELP
can you help me,EMERGENCY_HELP
hey help me please,EMERGENCY_HELP
could you help me now,EMERGENCY_HELP
hey help me quickly,EMERGENCY_HELP
can you help me please,EMERGENCY_HELP
help me,EMERGENCY_HELP
help me,EMERGENCY_HELP
can you help me please,EMERGENCY_HELP
hey help me now,EMERGENCY_HELP
can you help me now,EMERGENCY_HELP
hey help me,EMERGENCY_HELP
please help me quickly,EMERGENCY_HELP
help me now,EMERGENCY_HELP
please help me now,EMERGENCY_HELP
can you help me please,EMERGENCY_HELP
can you help me now,EMERGENCY_HELP
please help me please,EMERGENCY_HELP
hey help me please,EMERGENCY_HELP
help me now,EMERGENCY_HELP
hey help me quickly,EMERGENCY_HELP
hey help me,EMERGENCY_HELP
help me now,EMERGENCY_HELP
please help me please,EMERGENCY_HELP
please help me quickly,EMERGENCY_HELP
can you help me please,EMERGENCY_HELP
hey help me quickly,EMERGENCY_HELP
hey help me,EMERGENCY_HELP
please help me,EMERGENCY_HELP
help me,EMERGENCY_HELP
could you help me please,EMERGENCY_HELP
please help me please,EMERGENCY_HELP
could you help me now,EMERGENCY_HELP
can you i need help please,EMERGENCY_HELP
can you i need help quickly,EMERGENCY_HELP
could you i need help now,EMERGENCY_HELP
i need help please,EMERGENCY_HELP
hey i need help please,EMERGENCY_HELP
please i need help now,EMERGENCY_HELP
please i need help,EMERGENCY_HELP
please i need help please,EMERGENCY_HELP
please i need help quickly,EMERGENCY_HELP
hey i need help please,EMERGENCY_HELP
can you i need help quickly,EMERGENCY_HELP
please i need help please,EMERGENCY_HELP
please i need help,EMERGENCY_HELP
can you i need help now,EMERGENCY_HELP
please i need help now,EMERGENCY_HELP
i need help,EMERGENCY_HELP
can you i need help please,EMERGENCY_HELP
could you i need help,EMERGENCY_HELP
can you i need help,EMERGENCY_HELP
can you i need help,EMERGENCY_HELP
i need help,EMERGENCY_HELP
please i need help quickly,EMERGENCY_HELP
could you i need help now,EMERGENCY_HELP
could you i need help now,EMERGENCY_HELP
please i need help quickly,EMERGENCY_HELP
i need help please,EMERGENCY_HELP
could you i need help please,EMERGENCY_HELP
could you i need help,EMERGENCY_HELP
i need help quickly,EMERGENCY_HELP
please i need help please,EMERGENCY_HELP
can you i need help,EMERGENCY_HELP
i need help,EMERGENCY_HELP
hey i need help,EMERGENCY_HELP
i need help quickly,EMERGENCY_HELP
hey i need help,EMERGENCY_HELP
i need help quickly,EMERGENCY_HELP
could you i need help,EMERGENCY_HELP
please i need help,EMERGENCY_HELP
i need help,EMERGENCY_HELP
please i need help please,EMERGENCY_HELP
could you i need help quickly,EMERGENCY_HELP
can you i need help now,EMERGENCY_HELP
hey i need help now,EMERGENCY_HELP
could you i need help quickly,EMERGENCY_HELP
could you i need help quickly,EMERGENCY_HELP
please i need help please,EMERGENCY_HELP
please i need help please,EMERGENCY_HELP
i need help please,EMERGENCY_HELP
i need help quickly,EMERGENCY_HELP
can you i need help quickly,EMERGENCY_HELP
emergency please,EMERGENCY_HELP
please emergency,EMERGENCY_HELP
could you emergency please,EMERGENCY_HELP
can you emergency now,EMERGENCY_HELP
can you emergency,EMERGENCY_HELP
emergency quickly,EMERGENCY_HELP
can you emergency now,EMERGENCY_HELP
hey emergency,EMERGENCY_HELP
could you emergency now,EMERGENCY_HELP
emergency quickly,EMERGENCY_HELP
emergency please,EMERGENCY_HELP
could you emergency quickly,EMERGENCY_HELP
please emergency now,EMERGENCY_HELP
please emergency now,EMERGENCY_HELP
hey emergency quickly,EMERGENCY_HELP
emergency please,EMERGENCY_HELP
emergency now,EMERGENCY_HELP
hey emergency,EMERGENCY_HELP
can you emergency quickly,EMERGENCY_HELP
can you emergency,EMERGENCY_HELP
could you emergency,EMERGENCY_HELP
please emergency please,EMERGENCY_HELP
emergency please,EMERGENCY_HELP
hey emergency quickly,EMERGENCY_HELP
can you emergency now,EMERGENCY_HELP
can you emergency now,EMERGENCY_HELP
can you emergency please,EMERGENCY_HELP
could you emergency now,EMERGENCY_HELP
please emergency please,EMERGENCY_HELP
emergency,EMERGENCY_HELP
could you emergency please,EMERGENCY_HELP
could you emergency quickly,EMERGENCY_HELP
please emergency,EMERGENCY_HELP
emergency please,EMERGENCY_HELP
hey emergency please,EMERGENCY_HELP
hey emergency now,EMERGENCY_HELP
can you emergency,EMERGENCY_HELP
emergency now,EMERGENCY_HELP
emergency now,EMERGENCY_HELP
emergency please,EMERGENCY_HELP
could you emergency please,EMERGENCY_HELP
can you emergency quickly,EMERGENCY_HELP
could you emergency quickly,EMERGENCY_HELP
can you emergency now,EMERGENCY_HELP
can you emergency please,EMERGENCY_HELP
hey emergency quickly,EMERGENCY_HELP
please emergency please,EMERGENCY_HELP
hey emergency now,EMERGENCY_HELP
please emergency quickly,EMERGENCY_HELP
can you emergency please,EMERGENCY_HELP
can you call doctor,EMERGENCY_HELP
can you call doctor quickly,EMERGENCY_HELP
could you call doctor quickly,EMERGENCY_HELP
could you call doctor please,EMERGENCY_HELP
call doctor now,EMERGENCY_HELP
could you call doctor please,EMERGENCY_HELP
can you call doctor quickly,EMERGENCY_HELP
can you call doctor quickly,EMERGENCY_HELP
could you call doctor quickly,EMERGENCY_HELP
hey call doctor quickly,EMERGENCY_HELP
please call doctor now,EMERGENCY_HELP
please call doctor,EMERGENCY_HELP
can you call doctor quickly,EMERGENCY_HELP
hey call doctor,EMERGENCY_HELP
could you call doctor now,EMERGENCY_HELP
call doctor,EMERGENCY_HELP
hey call doctor quickly,EMERGENCY_HELP
hey call doctor quickly,EMERGENCY_HELP
please call doctor,EMERGENCY_HELP
could you call doctor,EMERGENCY_HELP
can you call doctor,EMERGENCY_HELP
can you call doctor please,EMERGENCY_HELP
can you call doctor quickly,EMERGENCY_HELP
can you call doctor quickly,EMERGENCY_HELP
call doctor,EMERGENCY_HELP
call doctor now,EMERGENCY_HELP
hey call doctor quickly,EMERGENCY_HELP
please call doctor now,EMERGENCY_HELP
call doctor quickly,EMERGENCY_HELP
can you call doctor quickly,EMERGENCY_HELP
please call doctor,EMERGENCY_HELP
can you call doctor please,EMERGENCY_HELP
hey call doctor quickly,EMERGENCY_HELP
could you call doctor please,EMERGENCY_HELP
could you call doctor,EMERGENCY_HELP
hey call doctor please,EMERGENCY_HELP
can you call doctor please,EMERGENCY_HELP
hey call doctor please,EMERGENCY_HELP
can you call doctor quickly,EMERGENCY_HELP
can you call doctor please,EMERGENCY_HELP
please call doctor now,EMERGENCY_HELP
call doctor now,EMERGENCY_HELP
could you call doctor quickly,EMERGENCY_HELP
call doctor please,EMERGENCY_HELP
can you call doctor quickly,EMERGENCY_HELP
please call doctor please,EMERGENCY_HELP
could you call doctor,EMERGENCY_HELP
hey call doctor please,EMERGENCY_HELP
could you call doctor quickly,EMERGENCY_HELP
call doctor,EMERGENCY_HELP
please call my family quickly,EMERGENCY_HELP
please call my family,EMERGENCY_HELP
call my family now,EMERGENCY_HELP
please call my family,EMERGENCY_HELP
can you call my family please,EMERGENCY_HELP
can you call my family quickly,EMERGENCY_HELP
hey call my family,EMERGENCY_HELP
can you call my family now,EMERGENCY_HELP
can you call my family,EMERGENCY_HELP
please call my family quickly,EMERGENCY_HELP
call my family quickly,EMERGENCY_HELP
could you call my family quickly,EMERGENCY_HELP
call my family please,EMERGENCY_HELP
call my family now,EMERGENCY_HELP
can you call my family quickly,EMERGENCY_HELP
call my family,EMERGENCY_HELP
could you call my family now,EMERGENCY_HELP
call my family please,EMERGENCY_HELP
hey call my family now,EMERGENCY_HELP
could you call my family please,EMERGENCY_HELP
hey call my family,EMERGENCY_HELP
call my family quickly,EMERGENCY_HELP
hey call my family quickly,EMERGENCY_HELP
call my family,EMERGENCY_HELP
call my family quickly,EMERGENCY_HELP
can you call my family,EMERGENCY_HELP
hey call my family now,EMERGENCY_HELP
hey call my family now,EMERGENCY_HELP
can you call my family,EMERGENCY_HELP
could you call my family now,EMERGENCY_HELP
please call my family,EMERGENCY_HELP
call my family quickly,EMERGENCY_HELP
hey call my family now,EMERGENCY_HELP
please call my family,EMERGENCY_HELP
call my family,EMERGENCY_HELP
hey call my family,EMERGENCY_HELP
hey call my family,EMERGENCY_HELP
please call my family quickly,EMERGENCY_HELP
can you call my family,EMERGENCY_HELP
call my family please,EMERGENCY_HELP
hey call my family please,EMERGENCY_HELP
please call my family please,EMERGENCY_HELP
call my family now,EMERGENCY_HELP
can you call my family please,EMERGENCY_HELP
call my family now,EMERGENCY_HELP
hey call my family quickly,EMERGENCY_HELP
could you call my family now,EMERGENCY_HELP
please call my family quickly,EMERGENCY_HELP
hey call my family quickly,EMERGENCY_HELP
please call my family,EMERGENCY_HELP
hey goodbye please,QUIT
can you goodbye now,QUIT
hey goodbye now,QUIT
can you goodbye,QUIT
could you goodbye quickly,QUIT
please goodbye,QUIT
hey goodbye now,QUIT
goodbye please,QUIT
please goodbye now,QUIT
can you goodbye quickly,QUIT
can you goodbye now,QUIT
could you goodbye quickly,QUIT
can you goodbye quickly,QUIT
goodbye quickly,QUIT
please goodbye now,QUIT
please goodbye quickly,QUIT
please goodbye,QUIT
can you goodbye,QUIT
please goodbye now,QUIT
goodbye quickly,QUIT
could you goodbye,QUIT
goodbye,QUIT
could you goodbye quickly,QUIT
can you goodbye,QUIT
can you goodbye now,QUIT
can you goodbye,QUIT
please goodbye please,QUIT
goodbye quickly,QUIT
could you goodbye please,QUIT
could you goodbye,QUIT
please goodbye please,QUIT
hey goodbye quickly,QUIT
could you goodbye please,QUIT
hey goodbye,QUIT
could you goodbye,QUIT
please goodbye quickly,QUIT
could you goodbye quickly,QUIT
could you goodbye,QUIT
hey goodbye now,QUIT
can you goodbye quickly,QUIT
please goodbye quickly,QUIT
can you goodbye,QUIT
can you goodbye please,QUIT
could you goodbye please,QUIT
can you goodbye now,QUIT
could you goodbye quickly,QUIT
could you goodbye quickly,QUIT
hey goodbye quickly,QUIT
hey goodbye please,QUIT
goodbye please,QUIT
could you exit quickly,QUIT
hey exit quickly,QUIT
could you exit now,QUIT
could you exit quickly,QUIT
exit quickly,QUIT
please exit now,QUIT
can you exit please,QUIT
please exit quickly,QUIT
exit,QUIT
could you exit quickly,QUIT
could you exit please,QUIT
exit please,QUIT
please exit quickly,QUIT
can you exit,QUIT
can you exit quickly,QUIT
please exit please,QUIT
can you exit,QUIT
could you exit,QUIT
please exit please,QUIT
could you exit quickly,QUIT
hey exit quickly,QUIT
exit quickly,QUIT
please exit now,QUIT
could you exit please,QUIT
please exit now,QUIT
exit quickly,QUIT
can you exit,QUIT
exit please,QUIT
could you exit now,QUIT
could you exit,QUIT
exit please,QUIT
hey exit quickly,QUIT
can you exit,QUIT
could you exit now,QUIT
exit,QUIT
could you exit now,QUIT
exit,QUIT
exit quickly,QUIT
please exit quickly,QUIT
exit quickly,QUIT
could you exit,QUIT
could you exit please,QUIT
hey exit quickly,QUIT
please exit please,QUIT
exit please,QUIT
hey exit,QUIT
could you exit please,QUIT
can you exit quickly,QUIT
exit now,QUIT
please exit quickly,QUIT
hey shut up now,QUIT
could you shut up now,QUIT
hey shut up please,QUIT
shut up quickly,QUIT
shut up please,QUIT
hey shut up quickly,QUIT
could you shut up quickly,QUIT
shut up quickly,QUIT
could you shut up,QUIT
hey shut up now,QUIT
shut up quickly,QUIT
hey shut up quickly,QUIT
can you shut up quickly,QUIT
hey shut up quickly,QUIT
could you shut up quickly,QUIT
hey shut up please,QUIT
hey shut up quickly,QUIT
shut up please,QUIT
can you shut up quickly,QUIT
hey shut up now,QUIT
hey shut up please,QUIT
can you shut up please,QUIT
could you shut up,QUIT
please shut up please,QUIT
shut up quickly,QUIT
can you shut up,QUIT
hey shut up now,QUIT
please shut up please,QUIT
please shut up now,QUIT
can you shut up please,QUIT
could you shut up quickly,QUIT
can you shut up now,QUIT
can you shut up quickly,QUIT
hey shut up,QUIT
can you shut up,QUIT
could you shut up quickly,QUIT
hey shut up now,QUIT
could you shut up,QUIT
please shut up please,QUIT
please shut up please,QUIT
can you shut up,QUIT
can you shut up,QUIT
hey shut up quickly,QUIT
could you shut up,QUIT
can you shut up please,QUIT
please shut up please,QUIT
could you shut up now,QUIT
hey shut up,QUIT
please shut up,QUIT
hey shut up,QUIT
could you shut down now,QUIT
can you shut down quickly,QUIT
could you shut down,QUIT
can you shut down,QUIT
can you shut down,QUIT
please shut down quickly,QUIT
can you shut down quickly,QUIT
could you shut down,QUIT
hey shut down,QUIT
please shut down,QUIT
please shut down,QUIT
could you shut down,QUIT
hey shut down now,QUIT
hey shut down now,QUIT
can you shut down quickly,QUIT
shut down,QUIT
shut down quickly,QUIT
shut down,QUIT
can you shut down now,QUIT
hey shut down now,QUIT
shut down,QUIT
could you shut down quickly,QUIT
hey shut down quickly,QUIT
shut down,QUIT
could you shut down quickly,QUIT
please shut down quickly,QUIT
hey shut down,QUIT
shut down,QUIT
could you shut down quickly,QUIT
shut down please,QUIT
can you shut down quickly,QUIT
could you shut down now,QUIT
hey shut down quickly,QUIT
can you shut down now,QUIT
could you shut down,QUIT
could you shut down,QUIT
hey shut down now,QUIT
could you shut down quickly,QUIT
can you shut down quickly,QUIT
hey shut down now,QUIT
please shut down,QUIT
shut down,QUIT
please shut down,QUIT
could you shut down now,QUIT
shut down quickly,QUIT
could you shut down now,QUIT
please shut down please,QUIT
hey shut down please,QUIT
could you shut down please,QUIT
hey shut down now,QUIT
